,h21
0,33
1,33
2,45
3,40
4,18
5,27
6,28
7,34
8,35
9,18
10,22
11,41
12,30
13,27
14,25
15,50
16,28
17,31
18,32
19,28
20,31
21,33
22,29
23,24
24,36
25,20
26,31
27,40
28,22
29,18
30,18
31,19
32,33
33,23
34,21
35,54
36,21
37,41
38,22
39,23
40,27
41,25
42,32
43,45
44,24
45,50
46,22
47,34
48,26
49,26
50,29
51,25
52,39
53,26
54,24
55,25
56,23
57,25
58,40
59,21
60,20
61,20
62,29
63,40
64,42
65,21
66,31
67,23
68,21
69,24
70,25
71,47
72,42
73,32
74,23
75,21
76,27
77,26
78,21
79,28
80,32
81,28
82,35
83,32
84,35
85,54
86,33
87,22
88,23
89,21
90,23
91,18
92,34
93,29
94,21
95,25
96,34
97,26
98,25
99,27
100,21
101,28
102,22
103,30
104,18
105,21
106,27
107,21
108,30
109,22
110,42
111,30
112,17
113,30
114,28
115,25
116,22
117,43
118,21
119,51
120,36
121,68
122,29
123,32
124,51
125,29
126,34
127,22
128,23
129,28
130,28
131,22
132,31
133,49
134,25
135,41
136,23
137,20
138,26
139,33
140,39
141,36
142,37
143,28
144,38
145,23
146,21
147,16
148,26
149,25
150,24
151,29
152,21
153,27
154,26
155,26
156,21
157,28
158,23
159,31
160,31
161,22
162,20
163,34
164,19
165,26
166,21
167,21
168,24
169,18
170,31
171,22
172,22
173,17
174,22
175,51
176,35
177,31
178,28
179,29
180,29
181,24
182,30
183,24
184,28
185,23
186,27
187,22
188,25
189,21
190,40
191,25
192,29
193,21
194,21
195,30
196,31
197,39
198,28
199,20
200,22
201,22
202,42
203,26
204,31
205,33
206,36
207,24
208,22
209,19
210,31
211,25
212,32
213,45
214,22
215,21
216,29
217,22
218,38
219,19
220,20
221,35
222,31
223,23
224,24
225,24
226,32
227,21
228,22
229,28
230,26
231,25
232,22
233,27
234,37
235,33
236,32
237,39
238,24
239,33
240,22
241,30
242,19
243,22
244,23
245,24
246,30
247,40
248,32
249,31
250,29
251,20
252,22
253,36
254,32
255,24
256,21
257,23
258,22
259,23
260,25
261,21
262,19
263,22
264,32
265,21
266,26
267,34
268,24
269,19
270,25
271,27
272,20
273,22
274,32
275,22
276,20
277,26
278,34
279,38
280,25
281,19
282,24
283,26
284,48
285,19
286,25
287,25
288,29
289,21
290,31
291,22
292,23
293,46
294,31
295,33
296,24
297,31
298,34
299,25
300,17
301,25
302,24
303,32
304,18
305,26
306,21
307,27
308,35
309,21
310,36
311,18
312,28
313,26
314,20
315,22
316,23
317,28
318,19
319,21
320,27
321,26
322,20
323,27
324,29
325,27
326,31
327,30
328,27
329,29
330,21
331,36
332,38
333,23
334,32
335,20
336,60
337,27
338,29
339,23
340,32
341,36
342,26
343,35
344,35
345,43
346,22
347,20
348,37
349,35
350,37
351,45
352,39
353,26
354,22
355,21
356,30
357,20
358,19
359,23
360,27
361,29
362,34
363,23
364,27
365,28
366,20
367,38
368,38
369,27
370,30
371,34
372,29
373,21
374,37
375,21
376,19
377,26
378,39
379,29
380,29
381,27
382,86
383,25
384,27
385,35
386,37
387,25
388,20
389,22
390,24
391,32
392,45
393,25
394,27
395,27
396,22
397,31
398,33
399,19
400,26
401,33
402,22
403,26
404,44
405,25
406,27
407,21
408,24
409,24
410,21
411,34
412,58
413,26
414,29
415,21
416,25
417,22
418,29
419,37
420,21
421,28
422,53
423,25
424,32
425,45
426,29
427,27
428,20
429,31
430,23
431,35
432,35
433,18
434,25
435,35
436,29
437,35
438,24
439,31
440,73
441,66
442,32
443,24
444,27
445,34
446,30
447,21
448,19
449,27
450,39
451,23
452,22
453,24
454,23
455,19
456,22
457,38
458,34
459,41
460,41
461,30
462,22
463,30
464,31
465,24
466,26
467,24
468,28
469,19
470,33
471,20
472,24
473,20
474,17
475,21
476,27
477,25
478,37
479,21
480,22
481,30
482,22
483,18
484,25
485,25
486,21
487,20
488,30
489,26
490,28
491,27
492,62
493,53
494,35
495,35
496,29
497,31
498,29
499,32
500,42
501,37
502,27
503,22
504,28
505,23
506,41
507,27
508,35
509,29
510,32
511,33
512,37
513,33
514,32
515,26
516,37
517,20
518,29
519,44
520,37
521,22
522,19
523,50
524,34
525,31
526,23
527,34
528,29
529,21
530,26
531,19
532,20
533,33
534,35
535,25
536,31
537,28
538,21
539,37
540,29
541,22
542,25
543,29
544,25
545,23
546,30
547,35
548,25
549,25
550,44
551,29
552,32
553,27
554,26
555,32
556,20
557,28
558,28
559,30
560,28
561,33
562,25
563,25
564,33
565,20
566,31
567,23
568,20
569,21
570,20
571,33
572,34
573,20
574,23
575,52
576,31
577,76
578,18
579,28
580,25
581,28
582,38
583,23
584,20
585,35
586,29
587,30
588,21
589,75
590,22
591,29
592,24
593,23
594,20
595,32
596,29
597,29
598,34
599,22
600,23
601,31
602,35
603,29
604,35
605,24
606,22
607,21
608,31
609,40
610,26
611,38
612,33
613,39
614,26
615,25
616,35
617,17
618,30
619,24
620,25
621,31
622,25
623,19
624,31
625,45
626,26
627,30
628,29
629,23
630,25
631,49
632,25
633,36
634,34
635,45
636,26
637,21
638,27
639,28
640,25
641,35
642,32
643,53
644,29
645,40
646,23
647,25
648,23
649,35
650,31
651,36
652,28
653,23
654,19
655,35
656,31
657,29
658,25
659,34
660,23
661,22
662,29
663,27
664,29
665,23
666,25
667,29
668,21
669,20
670,28
671,24
672,35
673,50
674,23
675,33
676,23
677,22
678,28
679,29
680,22
681,22
682,19
683,24
684,23
685,33
686,37
687,24
688,24
689,30
690,28
691,19
692,24
693,22
694,29
695,21
696,29
697,21
698,33
699,37
700,23
701,25
702,25
703,25
704,32
705,27
706,23
707,22
708,22
709,24
710,29
711,27
712,47
713,44
714,22
715,29
716,28
717,37
718,38
719,27
720,32
721,19
722,15
723,23
724,24
725,37
726,23
727,47
728,21
729,15
730,37
731,28
732,36
733,43
734,15
735,25
736,37
737,23
738,21
739,25
740,32
741,27
742,45
743,30
744,19
745,18
746,41
747,24
748,21
749,30
750,21
751,33
752,21
753,20
754,21
755,28
756,57
757,23
758,27
759,26
760,23
761,25
762,21
763,35
764,26
765,21
766,32
767,42
768,43
769,24
770,55
771,18
772,35
773,46
774,19
775,22
776,38
777,32
778,19
779,33
780,25
781,34
782,75
783,25
784,23
785,31
786,51
787,24
788,52
789,32
790,37
791,21
792,24
793,25
794,20
795,23
796,26
797,24
798,24
799,27
800,25
801,28
802,38
803,29
804,27
805,42
806,23
807,22
808,30
809,48
810,33
811,35
812,30
813,23
814,27
815,27
816,40
817,22
818,31
819,26
820,36
821,21
822,23
823,42
824,38
825,34
826,25
827,30
828,23
829,26
830,43
831,26
832,30
833,29
834,28
835,61
836,27
837,23
838,35
839,29
840,35
841,27
842,26
843,34
844,19
845,28
846,32
847,26
848,19
849,19
850,18
851,28
852,21
853,41
854,39
855,23
856,32
857,24
858,19
859,45
860,31
861,22
862,35
863,29
864,21
865,25
866,28
867,25
868,21
869,23
870,22
871,19
872,24
873,30
874,26
875,20
876,19
877,41
878,23
879,25
880,18
881,34
882,22
883,36
884,26
885,22
886,28
887,29
888,20
889,32
890,25
891,24
892,22
893,28
894,54
895,29
896,40
897,20
898,30
899,25
900,40
901,31
902,45
903,34
904,22
905,25
906,33
907,21
908,23
909,28
910,40
911,23
912,19
913,29
914,34
915,19
916,20
917,29
918,26
919,28
920,32
921,22
922,20
923,23
924,27
925,26
926,25
927,22
928,41
929,27
930,24
931,25
932,43
933,30
934,54
935,39
936,19
937,37
938,37
939,19
940,27
941,23
942,26
943,43
944,24
945,37
946,34
947,43
948,43
949,35
950,20
951,22
952,34
953,26
954,25
955,28
956,27
957,23
958,32
959,30
960,25
961,28
962,28
963,41
964,25
965,19
966,29
967,24
968,30
969,26
970,19
971,45
972,26
973,24
974,20
975,17
976,50
977,22
978,22
979,30
980,31
981,32
982,23
983,28
984,27
985,48
986,24
987,24
988,26
989,31
990,25
991,23
992,29
993,24
994,25
995,29
996,35
997,23
998,21
999,19
1000,36
1001,20
1002,24
1003,19
1004,35
1005,20
1006,19
1007,23
1008,26
1009,19
1010,49
1011,20
1012,27
1013,24
1014,29
1015,26
1016,28
1017,41
1018,37
1019,23
1020,20
1021,22
1022,25
1023,22
1024,19
1025,27
1026,37
1027,18
1028,17
1029,22
1030,22
1031,22
1032,61
1033,20
1034,30
1035,23
1036,30
1037,28
1038,24
1039,35
1040,23
1041,24
1042,30
1043,23
1044,28
1045,37
1046,30
1047,25
1048,22
1049,25
1050,25
1051,39
1052,41
1053,28
1054,39
1055,46
1056,35
1057,29
1058,29
1059,35
1060,21
1061,26
1062,47
1063,32
1064,20
1065,29
1066,22
1067,32
1068,47
1069,20
1070,31
1071,25
1072,31
1073,20
1074,23
1075,49
1076,25
1077,22
1078,20
1079,29
1080,28
1081,28
1082,21
1083,25
1084,29
1085,26
1086,25
1087,28
1088,33
1089,19
1090,22
1091,32
1092,31
1093,19
1094,22
1095,41
1096,31
1097,46
1098,31
1099,35
1100,27
1101,30
1102,42
1103,23
1104,25
1105,27
1106,22
1107,33
1108,42
1109,75
1110,53
1111,35
1112,29
1113,21
1114,40
1115,36
1116,33
1117,25
1118,24
1119,24
1120,33
1121,37
1122,26
1123,32
1124,23
1125,31
1126,29
1127,45
1128,32
1129,36
1130,33
1131,29
1132,21
1133,21
1134,40
1135,28
1136,23
1137,44
1138,25
1139,27
1140,28
1141,28
1142,23
1143,21
1144,24
1145,22
1146,18
1147,27
1148,19
1149,20
1150,63
1151,19
1152,29
1153,26
1154,29
1155,21
1156,23
1157,32
1158,19
1159,21
1160,20
1161,40
1162,25
1163,27
1164,23
1165,28
1166,24
1167,23
1168,21
1169,28
1170,25
1171,24
1172,31
1173,36
1174,35
1175,31
1176,25
1177,42
1178,28
1179,29
1180,36
1181,20
1182,26
1183,46
1184,25
1185,31
1186,27
1187,37
1188,37
1189,43
1190,23
1191,22
1192,27
1193,23
1194,27
1195,26
1196,28
1197,22
1198,25
1199,44
1200,33
1201,20
1202,17
1203,30
1204,20
1205,31
1206,37
1207,30
1208,24
1209,28
1210,56
1211,24
1212,28
1213,31
1214,27
1215,35
1216,21
1217,27
1218,27
1219,21
1220,27
1221,39
1222,33
1223,24
1224,33
1225,24
1226,37
1227,18
1228,23
1229,39
1230,25
1231,31
1232,19
1233,30
1234,20
1235,22
1236,38
1237,23
1238,32
1239,23
1240,26
1241,19
1242,19
1243,24
1244,33
1245,21
1246,45
1247,28
1248,24
1249,23
1250,26
1251,20
1252,21
1253,23
1254,20
1255,24
1256,35
1257,18
1258,21
1259,21
1260,32
1261,37
1262,44
1263,30
1264,28
1265,35
1266,28
1267,44
1268,33
1269,20
1270,58
1271,21
1272,21
1273,30
1274,21
1275,33
1276,28
1277,23
1278,31
1279,22
1280,34
1281,16
1282,62
1283,31
1284,31
1285,21
1286,26
1287,29
1288,28
1289,30
1290,37
1291,23
1292,21
1293,22
1294,22
1295,37
1296,24
1297,34
1298,43
1299,21
1300,28
1301,26
1302,24
1303,22
1304,31
1305,22
1306,30
1307,40
1308,36
1309,23
1310,25
1311,19
1312,31
1313,21
1314,31
1315,48
1316,37
1317,24
1318,21
1319,29
1320,20
1321,22
1322,36
1323,24
1324,35
1325,23
1326,36
1327,17
1328,30
1329,30
1330,39
1331,45
1332,32
1333,63
1334,23
1335,33
1336,25
1337,17
1338,35
1339,27
1340,38
1341,19
1342,24
1343,36
1344,45
1345,35
1346,21
1347,22
1348,24
1349,27
1350,28
1351,32
1352,24
1353,26
1354,22
1355,28
1356,38
1357,34
1358,52
1359,19
1360,46
1361,30
1362,25
1363,27
1364,26
1365,36
1366,36
1367,29
1368,23
1369,24
1370,31
1371,37
1372,34
1373,39
1374,29
1375,17
1376,24
1377,19
1378,27
1379,33
1380,24
1381,24
1382,60
1383,38
1384,30
1385,37
1386,31
1387,19
1388,20
1389,21
1390,28
1391,21
1392,20
1393,24
1394,23
1395,24
1396,25
1397,23
1398,24
1399,23
1400,30
1401,22
1402,24
1403,27
1404,21
1405,30
1406,23
1407,32
1408,25
1409,31
1410,24
1411,38
1412,51
1413,27
1414,37
1415,17
1416,31
1417,36
1418,23
1419,18
1420,27
1421,32
1422,26
1423,27
1424,31
1425,23
1426,26
1427,20
1428,43
1429,22
1430,36
1431,26
1432,28
1433,28
1434,24
1435,31
1436,26
1437,24
1438,20
1439,32
1440,21
1441,27
1442,33
1443,20
1444,20
1445,29
1446,23
1447,21
1448,21
1449,30
1450,31
1451,25
1452,25
1453,24
1454,38
1455,27
1456,32
1457,23
1458,37
1459,19
1460,29
1461,25
1462,19
1463,21
1464,27
1465,28
1466,42
1467,25
1468,18
1469,29
1470,25
1471,23
1472,30
1473,24
1474,28
1475,34
1476,18
1477,27
1478,52
1479,21
1480,39
1481,27
1482,36
1483,23
1484,43
1485,25
1486,27
1487,25
1488,24
1489,20
1490,22
1491,25
1492,19
1493,23
1494,28
1495,20
1496,36
1497,21
1498,18
1499,21
1500,25
1501,25
1502,24
1503,29
1504,27
1505,36
1506,28
1507,28
1508,24
1509,21
1510,29
1511,25
1512,20
1513,36
1514,23
1515,32
1516,22
1517,21
1518,39
1519,40
1520,23
1521,34
1522,29
1523,29
1524,41
1525,30
1526,33
1527,21
1528,37
1529,24
1530,37
1531,21
1532,25
1533,19
1534,20
1535,23
1536,46
1537,29
1538,25
1539,20
1540,26
1541,26
1542,31
1543,27
1544,37
1545,32
1546,30
1547,23
1548,37
1549,24
1550,29
1551,20
1552,52
1553,29
1554,26
1555,37
1556,29
1557,37
1558,35
1559,27
1560,32
1561,29
1562,30
1563,23
1564,23
1565,28
1566,27
1567,26
1568,29
1569,24
1570,25
1571,20
1572,25
1573,28
1574,23
1575,30
1576,42
1577,27
1578,28
1579,28
1580,26
1581,24
1582,35
1583,48
1584,24
1585,28
1586,28
1587,25
1588,27
1589,20
1590,38
1591,73
1592,27
1593,24
1594,33
1595,29
1596,25
1597,39
1598,69
1599,36
1600,48
1601,31
1602,22
1603,29
1604,28
1605,29
1606,43
1607,28
1608,37
1609,39
1610,25
1611,18
1612,34
1613,29
1614,33
1615,34
1616,24
1617,29
1618,33
1619,44
1620,24
1621,21
1622,26
1623,28
1624,36
1625,27
1626,37
1627,28
1628,40
1629,27
1630,43
1631,31
1632,31
1633,47
1634,30
1635,31
1636,32
1637,26
1638,26
1639,36
1640,37
1641,31
1642,24
1643,24
1644,23
1645,35
1646,22
1647,32
1648,31
1649,22
1650,30
1651,32
1652,32
1653,51
1654,18
1655,21
1656,23
1657,34
1658,32
1659,29
1660,33
1661,22
1662,18
1663,27
1664,25
1665,27
1666,24
1667,19
1668,21
1669,19
1670,22
1671,21
1672,32
1673,35
1674,28
1675,23
1676,26
1677,25
1678,21
1679,35
1680,30
1681,33
1682,25
1683,26
1684,23
1685,25
1686,40
1687,37
1688,19
1689,24
1690,21
1691,23
1692,25
1693,19
1694,22
1695,28
1696,23
1697,25
1698,31
1699,23
1700,29
1701,24
1702,27
1703,43
1704,31
1705,46
1706,29
1707,30
1708,30
1709,35
1710,49
1711,29
1712,20
1713,25
1714,33
1715,25
1716,28
1717,31
1718,22
1719,41
1720,25
1721,59
1722,30
1723,39
1724,29
1725,24
1726,21
1727,47
1728,32
1729,30
1730,21
1731,35
1732,22
1733,30
1734,63
1735,44
1736,21
1737,27
1738,31
1739,27
1740,25
1741,31
1742,38
1743,19
1744,29
1745,25
1746,28
1747,20
1748,28
1749,21
1750,18
1751,22
1752,25
1753,28
1754,22
1755,21
1756,36
1757,27
1758,23
1759,21
1760,26
1761,54
1762,21
1763,20
1764,32
1765,29
1766,22
1767,35
1768,22
1769,29
1770,25
1771,26
1772,42
1773,34
1774,18
1775,23
1776,31
1777,21
1778,31
1779,27
1780,26
1781,22
1782,19
1783,45
1784,36
1785,27
1786,24
1787,25
1788,26
1789,21
1790,20
1791,27
1792,26
1793,30
1794,20
1795,22
1796,44
1797,27
1798,34
1799,29
1800,40
1801,24
1802,30
1803,27
1804,31
1805,24
1806,25
1807,34
1808,17
1809,28
1810,26
1811,25
1812,28
1813,22
1814,23
1815,31
1816,30
1817,36
1818,30
1819,24
1820,47
1821,23
1822,23
1823,22
1824,33
1825,30
1826,27
1827,23
1828,28
1829,22
1830,29
1831,37
1832,23
1833,21
1834,31
1835,36
1836,26
1837,20
1838,31
1839,25
1840,25
1841,24
1842,27
1843,25
1844,30
1845,17
1846,26
1847,21
1848,44
1849,27
1850,21
1851,24
1852,23
1853,20
1854,27
1855,29
1856,23
1857,21
1858,40
1859,52
1860,21
1861,28
1862,27
1863,27
1864,41
1865,33
1866,29
1867,21
1868,20
1869,44
1870,23
1871,23
1872,24
1873,30
1874,36
1875,24
1876,22
1877,23
1878,22
1879,22
1880,23
1881,27
1882,30
1883,26
1884,19
1885,23
1886,29
1887,25
1888,29
1889,33
1890,17
1891,22
1892,32
1893,23
1894,31
1895,34
1896,32
1897,32
1898,21
1899,20
1900,29
1901,24
1902,21
1903,23
1904,22
1905,27
1906,21
1907,26
1908,18
1909,45
1910,27
1911,27
1912,25
1913,43
1914,62
1915,31
1916,24
1917,25
1918,25
1919,20
1920,50
1921,30
1922,26
1923,39
1924,34
1925,22
1926,26
1927,30
1928,23
1929,40
1930,28
1931,37
1932,29
1933,33
1934,36
1935,22
1936,36
1937,42
1938,25
1939,26
1940,33
1941,23
1942,25
1943,24
1944,34
1945,30
1946,30
1947,44
1948,27
1949,18
1950,25
1951,26
1952,24
1953,23
1954,24
1955,30
1956,34
1957,34
1958,25
1959,63
1960,40
1961,22
1962,20
1963,21
1964,28
1965,24
1966,20
1967,29
1968,29
1969,22
1970,19
1971,21
1972,24
1973,31
1974,35
1975,24
1976,21
1977,34
1978,34
1979,15
1980,22
1981,38
1982,54
1983,28
1984,24
1985,27
1986,21
1987,20
1988,54
1989,40
1990,27
1991,25
1992,33
1993,20
1994,23
1995,30
1996,27
1997,33
1998,28
1999,25
2000,51
2001,31
2002,35
2003,66
2004,32
2005,25
2006,31
2007,32
2008,20
2009,23
2010,28
2011,27
2012,27
2013,34
2014,22
2015,24
2016,23
2017,31
2018,19
2019,22
2020,30
2021,41
2022,55
2023,29
2024,27
2025,27
2026,31
2027,22
2028,30
2029,21
2030,28
2031,24
2032,43
2033,36
2034,29
2035,46
2036,24
2037,36
2038,28
2039,32
2040,36
2041,52
2042,28
2043,22
2044,32
2045,29
2046,38
2047,30
2048,24
2049,26
2050,21
2051,64
2052,21
2053,26
2054,23
2055,43
2056,18
2057,36
2058,24
2059,31
2060,27
2061,24
2062,25
2063,20
2064,56
2065,29
2066,35
2067,36
2068,27
2069,28
2070,24
2071,28
2072,32
2073,43
2074,19
2075,42
2076,28
2077,37
2078,25
2079,23
2080,26
2081,22
2082,24
2083,32
2084,19
2085,23
2086,32
2087,44
2088,24
2089,52
2090,36
2091,34
2092,27
2093,19
2094,17
2095,32
2096,32
2097,28
2098,31
2099,24
2100,43
2101,38
2102,37
2103,30
2104,29
2105,23
2106,20
2107,39
2108,22
2109,26
2110,25
2111,34
2112,52
2113,45
2114,18
2115,23
2116,26
2117,30
2118,20
2119,30
2120,58
2121,24
2122,33
2123,23
2124,29
2125,43
2126,27
2127,24
2128,26
2129,34
2130,30
2131,41
2132,31
2133,32
2134,34
2135,25
2136,27
2137,27
2138,20
2139,20
2140,30
2141,40
2142,36
2143,23
2144,28
2145,21
2146,30
2147,25
2148,33
2149,42
2150,24
2151,26
2152,31
2153,33
2154,37
2155,27
2156,32
2157,23
2158,34
2159,30
2160,27
2161,38
2162,40
2163,23
2164,27
2165,20
2166,20
2167,32
2168,28
2169,22
2170,30
2171,43
2172,32
2173,19
2174,27
2175,22
2176,20
2177,25
2178,17
2179,21
2180,31
2181,32
2182,26
2183,48
2184,22
2185,31
2186,37
2187,29
2188,36
2189,21
2190,20
2191,23
2192,22
2193,23
2194,29
2195,25
2196,29
2197,48
2198,29
2199,21
2200,34
2201,24
2202,25
2203,30
2204,22
2205,29
2206,35
2207,33
2208,30
2209,30
2210,26
2211,31
2212,33
2213,24
2214,24
2215,22
2216,32
2217,27
2218,22
2219,20
2220,33
2221,33
2222,26
2223,24
2224,17
2225,42
2226,24
2227,24
2228,21
2229,27
2230,32
2231,23
2232,27
2233,28
2234,45
2235,45
2236,29
2237,29
2238,26
2239,34
2240,26
2241,21
2242,24
2243,30
2244,37
2245,28
2246,21
2247,21
2248,31
2249,26
2250,33
2251,38
2252,22
2253,38
2254,26
2255,32
2256,31
2257,27
2258,33
2259,23
2260,41
2261,28
2262,33
2263,22
2264,23
2265,24
2266,40
2267,31
2268,27
2269,31
2270,37
2271,23
2272,23
2273,43
2274,28
2275,20
2276,31
2277,18
2278,29
2279,22
2280,41
2281,27
2282,31
2283,19
2284,27
2285,22
2286,17
2287,55
2288,29
2289,24
2290,28
2291,37
2292,20
2293,30
2294,22
2295,26
2296,29
2297,19
2298,18
2299,25
2300,39
2301,44
2302,30
2303,26
2304,29
2305,30
2306,26
2307,29
2308,21
2309,29
2310,45
2311,24
2312,27
2313,26
2314,36
2315,25
2316,22
2317,25
2318,28
2319,19
2320,25
2321,45
2322,23
2323,40
2324,33
2325,26
2326,29
2327,22
2328,27
2329,29
2330,41
2331,33
2332,33
2333,31
2334,20
2335,24
2336,23
2337,37
2338,23
2339,29
2340,20
2341,20
2342,19
2343,20
2344,25
2345,33
2346,24
2347,28
2348,38
2349,29
2350,19
2351,21
2352,28
2353,21
2354,23
2355,22
2356,28
2357,32
2358,24
2359,22
2360,35
2361,47
2362,26
2363,25
2364,36
2365,25
2366,42
2367,24
2368,31
2369,17
2370,23
2371,24
2372,35
2373,33
2374,55
2375,25
2376,27
2377,25
2378,21
2379,27
2380,25
2381,27
2382,27
2383,23
2384,28
2385,35
2386,41
2387,22
2388,22
2389,21
2390,41
2391,20
2392,42
2393,23
2394,21
2395,32
2396,45
2397,24
2398,30
2399,25
2400,36
2401,22
2402,20
2403,31
2404,27
2405,24
2406,18
2407,21
2408,27
2409,30
2410,20
2411,38
2412,24
2413,41
2414,26
2415,40
2416,33
2417,23
2418,24
2419,25
2420,42
2421,20
2422,38
2423,33
2424,26
2425,33
2426,31
2427,18
2428,22
2429,25
2430,37
2431,25
2432,35
2433,27
2434,25
2435,24
2436,31
2437,34
2438,18
2439,38
2440,28
2441,25
2442,27
2443,23
2444,17
2445,30
2446,37
2447,27
2448,23
2449,25
2450,21
2451,27
2452,21
2453,24
2454,23
2455,33
2456,35
2457,42
2458,25
2459,20
2460,24
2461,20
2462,23
2463,22
2464,35
2465,24
2466,22
2467,40
2468,36
2469,29
2470,30
2471,35
2472,19
2473,19
2474,20
2475,49
2476,20
2477,23
2478,31
2479,30
2480,31
2481,30
2482,26
2483,27
2484,33
2485,24
2486,22
2487,19
2488,28
2489,30
2490,21
2491,27
2492,22
2493,31
2494,27
2495,61
2496,31
2497,26
2498,43
2499,21
2500,26
2501,21
2502,33
2503,24
2504,52
2505,20
2506,26
2507,25
2508,17
2509,32
2510,37
2511,23
2512,23
2513,36
2514,28
2515,30
2516,22
2517,32
2518,18
2519,24
2520,42
2521,23
2522,42
2523,25
2524,27
2525,33
2526,34
2527,36
2528,20
2529,33
2530,39
2531,24
2532,37
2533,28
2534,19
2535,22
2536,26
2537,31
2538,22
2539,29
2540,26
2541,22
2542,30
2543,20
2544,24
2545,21
2546,18
2547,27
2548,44
2549,20
2550,24
2551,27
2552,33
2553,26
2554,17
2555,26
2556,26
2557,20
2558,21
2559,27
2560,20
2561,28
2562,23
2563,19
2564,23
2565,46
2566,30
2567,38
2568,40
2569,23
2570,21
2571,31
2572,28
2573,45
2574,32
2575,37
2576,27
2577,20
2578,23
2579,23
2580,29
2581,24
2582,30
2583,42
2584,24
2585,26
2586,27
2587,18
2588,29
2589,20
2590,41
2591,19
2592,30
2593,48
2594,32
2595,22
2596,46
2597,33
2598,42
2599,21
2600,26
2601,28
2602,19
2603,39
2604,24
2605,21
2606,33
2607,24
2608,26
2609,33
2610,20
2611,19
2612,24
2613,22
2614,35
2615,33
2616,23
2617,23
2618,25
2619,39
2620,40
2621,30
2622,23
2623,20
2624,24
2625,25
2626,27
2627,32
2628,33
2629,29
2630,22
2631,26
2632,34
2633,27
2634,28
2635,31
2636,54
2637,20
2638,30
2639,35
2640,27
2641,29
2642,49
2643,35
2644,22
2645,20
2646,19
2647,27
2648,37
2649,30
2650,26
2651,25
2652,27
2653,20
2654,35
2655,43
2656,34
2657,30
2658,19
2659,26
2660,33
2661,29
2662,29
2663,34
2664,27
2665,23
2666,24
2667,21
2668,29
2669,17
2670,33
2671,50
2672,26
2673,21
2674,37
2675,28
2676,25
2677,31
2678,39
2679,20
2680,26
2681,25
2682,26
2683,18
2684,26
2685,29
2686,26
2687,26
2688,37
2689,18
2690,26
2691,19
2692,32
2693,21
2694,25
2695,20
2696,33
2697,19
2698,35
2699,25
2700,35
2701,29
2702,19
2703,43
2704,33
2705,28
2706,28
2707,41
2708,34
2709,19
2710,26
2711,39
2712,35
2713,21
2714,24
2715,20
2716,23
2717,28
2718,28
2719,43
2720,21
2721,19
2722,24
2723,25
2724,23
2725,23
2726,53
2727,39
2728,35
2729,52
2730,50
2731,25
2732,26
2733,23
2734,22
2735,20
2736,20
2737,37
2738,22
2739,37
2740,24
2741,36
2742,24
2743,37
2744,23
2745,30
2746,32
2747,19
2748,23
2749,27
2750,21
2751,45
2752,29
2753,27
2754,27
2755,25
2756,52
2757,18
2758,36
2759,27
2760,18
2761,23
2762,21
2763,31
2764,24
2765,26
2766,25
2767,37
2768,48
2769,29
2770,47
2771,21
2772,28
2773,28
2774,26
2775,31
2776,38
2777,40
2778,23
2779,20
2780,18
2781,25
2782,33
2783,27
2784,31
2785,26
2786,35
2787,27
2788,36
2789,18
2790,25
2791,21
2792,29
2793,33
2794,21
2795,28
2796,23
2797,38
2798,29
2799,32
2800,28
2801,24
2802,35
2803,23
2804,18
2805,28
2806,25
2807,22
2808,36
2809,25
2810,51
2811,27
2812,27
2813,27
2814,31
2815,26
2816,37
2817,24
2818,40
2819,29
2820,35
2821,25
2822,22
2823,33
2824,29
2825,29
2826,28
2827,19
2828,19
2829,44
2830,28
2831,29
2832,28
2833,40
2834,24
2835,21
2836,32
2837,27
2838,19
2839,21
2840,22
2841,25
2842,21
2843,24
2844,27
2845,19
2846,22
2847,29
2848,52
2849,22
2850,25
2851,23
2852,28
2853,22
2854,26
2855,20
2856,22
2857,29
2858,46
2859,22
2860,19
2861,22
2862,19
2863,25
2864,36
2865,22
2866,33
2867,23
2868,26
2869,26
2870,31
2871,21
2872,28
2873,26
2874,26
2875,33
2876,20
2877,18
2878,44
2879,32
2880,41
2881,37
2882,19
2883,28
2884,24
2885,25
2886,31
2887,24
2888,19
2889,25
2890,29
2891,27
2892,34
2893,22
2894,25
2895,23
2896,43
2897,17
2898,44
2899,32
2900,32
2901,24
2902,35
2903,37
2904,19
2905,28
2906,26
2907,35
2908,32
2909,43
2910,33
2911,27
2912,33
2913,18
2914,27
2915,22
2916,28
2917,19
2918,27
2919,28
2920,40
2921,28
2922,17
2923,21
2924,86
2925,31
2926,19
2927,38
2928,20
2929,47
2930,24
2931,36
2932,26
2933,24
2934,43
2935,39
2936,23
2937,24
2938,37
2939,23
2940,34
2941,28
2942,39
2943,20
2944,43
2945,20
2946,37
2947,26
2948,45
2949,28
2950,25
2951,31
2952,24
2953,22
2954,22
2955,32
2956,22
2957,18
2958,21
2959,19
2960,21
2961,27
2962,21
2963,33
2964,33
2965,26
2966,51
2967,35
2968,25
2969,35
2970,21
2971,27
2972,35
2973,33
2974,86
2975,77
2976,20
2977,31
2978,30
2979,24
2980,29
2981,34
2982,29
2983,25
2984,41
2985,28
2986,35
2987,23
2988,28
2989,19
2990,23
2991,35
2992,47
2993,23
2994,35
2995,32
2996,41
2997,24
2998,29
2999,29
3000,25
3001,30
3002,28
3003,22
3004,37
3005,19
3006,32
3007,25
3008,27
3009,33
3010,23
3011,28
3012,27
3013,55
3014,24
3015,21
3016,29
3017,24
3018,27
3019,23
3020,27
3021,27
3022,26
3023,36
3024,38
3025,24
3026,30
3027,18
3028,34
3029,17
3030,29
3031,22
3032,25
3033,26
3034,34
3035,33
3036,26
3037,38
3038,40
3039,24
3040,27
3041,21
3042,24
3043,30
3044,23
3045,28
3046,27
3047,34
3048,51
3049,22
3050,28
3051,30
3052,25
3053,36
3054,39
3055,22
3056,38
3057,27
3058,31
3059,30
3060,37
3061,27
3062,26
3063,29
3064,22
3065,24
3066,23
3067,37
3068,21
3069,24
3070,22
3071,25
3072,23
3073,31
3074,19
3075,21
3076,31
3077,25
3078,33
3079,26
3080,27
3081,29
3082,30
3083,25
3084,54
3085,22
3086,20
3087,25
3088,28
3089,37
3090,38
3091,22
3092,22
3093,30
3094,29
3095,23
3096,23
3097,37
3098,27
3099,30
3100,32
3101,25
3102,37
3103,26
3104,27
3105,23
3106,22
3107,28
3108,36
3109,41
3110,34
3111,29
3112,30
3113,34
3114,28
3115,32
3116,33
3117,30
3118,51
3119,24
3120,33
3121,23
3122,38
3123,27
3124,40
3125,27
3126,39
3127,53
3128,27
3129,31
3130,34
3131,35
3132,44
3133,26
3134,29
3135,32
3136,29
3137,45
3138,26
3139,22
3140,24
3141,28
3142,25
3143,29
3144,24
3145,33
3146,28
3147,23
3148,22
3149,25
3150,35
3151,26
3152,24
3153,36
3154,37
3155,30
3156,19
3157,37
3158,25
3159,26
3160,22
3161,45
3162,25
3163,24
3164,34
3165,30
3166,23
3167,24
3168,28
3169,25
3170,21
3171,25
3172,16
3173,41
3174,25
3175,25
3176,25
3177,21
3178,29
3179,23
3180,38
3181,40
3182,33
3183,27
3184,25
3185,25
3186,19
3187,21
3188,23
3189,22
3190,40
3191,30
3192,33
3193,22
3194,31
3195,31
3196,29
3197,24
3198,45
3199,21
3200,24
3201,27
3202,30
3203,39
3204,34
3205,39
3206,18
3207,21
3208,20
3209,32
3210,27
3211,26
3212,23
3213,26
3214,24
3215,36
3216,35
3217,38
3218,19
3219,24
3220,31
3221,32
3222,25
3223,26
3224,26
3225,23
3226,19
3227,24
3228,25
3229,20
3230,23
3231,23
3232,41
3233,28
3234,24
3235,23
3236,55
3237,17
3238,22
3239,32
3240,30
3241,35
3242,36
3243,23
3244,23
3245,23
3246,28
3247,23
3248,50
3249,22
3250,27
3251,26
3252,27
3253,24
3254,33
3255,34
3256,27
3257,28
3258,28
3259,30
3260,25
3261,18
3262,30
3263,28
3264,23
3265,24
3266,30
3267,22
3268,20
3269,23
3270,18
3271,21
3272,31
3273,21
3274,52
3275,41
3276,39
3277,52
3278,34
3279,27
3280,27
3281,21
3282,26
3283,19
3284,24
3285,28
3286,26
3287,28
3288,22
3289,30
3290,46
3291,38
3292,32
3293,30
3294,24
3295,29
3296,45
3297,61
3298,36
3299,23
3300,38
3301,34
3302,29
3303,23
3304,38
3305,42
3306,25
3307,28
3308,19
3309,30
3310,22
3311,39
3312,24
3313,32
3314,30
3315,23
3316,31
3317,44
3318,22
3319,22
3320,22
3321,24
3322,72
3323,22
3324,22
3325,28
3326,25
3327,24
3328,19
3329,25
3330,29
3331,25
3332,31
3333,28
3334,22
3335,30
3336,21
3337,21
3338,24
3339,31
3340,24
3341,30
3342,23
3343,26
3344,31
3345,26
3346,38
3347,19
3348,31
3349,28
3350,26
3351,27
3352,37
3353,31
3354,22
3355,40
3356,29
3357,25
3358,23
3359,36
3360,23
3361,23
3362,37
3363,20
3364,33
3365,39
3366,22
3367,23
3368,20
3369,24
3370,24
3371,36
3372,26
3373,34
3374,33
3375,22
3376,40
3377,32
3378,32
3379,25
3380,27
3381,17
3382,42
3383,32
3384,19
3385,29
3386,22
3387,22
3388,28
3389,34
3390,29
3391,27
3392,28
3393,24
3394,21
3395,33
3396,28
3397,22
3398,25
3399,34
3400,31
3401,36
3402,21
3403,21
3404,25
3405,24
3406,28
3407,42
3408,22
3409,24
3410,39
3411,30
3412,37
3413,24
3414,22
3415,34
3416,47
3417,18
3418,27
3419,26
3420,27
3421,31
3422,21
3423,35
3424,19
3425,25
3426,26
3427,42
3428,37
3429,30
3430,19
3431,45
3432,51
3433,23
3434,22
3435,32
3436,22
3437,16
3438,34
3439,21
3440,24
3441,31
3442,26
3443,27
3444,36
3445,24
3446,23
3447,31
3448,44
3449,26
3450,21
3451,20
3452,50
3453,27
3454,21
3455,22
3456,19
3457,28
3458,28
3459,38
3460,40
3461,29
3462,43
3463,66
3464,30
3465,22
3466,23
3467,28
3468,30
3469,21
3470,35
3471,27
3472,23
3473,18
3474,30
3475,63
3476,26
3477,27
3478,29
3479,40
3480,23
3481,27
3482,56
3483,34
3484,28
3485,27
3486,28
3487,32
3488,22
3489,45
3490,25
3491,23
3492,34
3493,24
3494,30
3495,20
3496,32
3497,21
3498,29
3499,29
3500,23
3501,28
3502,26
3503,36
3504,27
3505,25
3506,31
3507,32
3508,19
3509,21
3510,27
3511,31
3512,42
3513,23
3514,35
3515,37
3516,20
3517,32
3518,33
3519,21
3520,39
3521,24
3522,37
3523,21
3524,35
3525,30
3526,33
3527,24
3528,22
3529,23
3530,23
3531,31
3532,23
3533,19
3534,18
3535,19
3536,25
3537,19
3538,31
3539,31
3540,38
3541,32
3542,29
3543,35
3544,29
3545,37
3546,24
3547,22
3548,48
3549,39
3550,59
3551,28
3552,37
3553,28
3554,37
3555,30
3556,28
3557,28
3558,20
3559,26
3560,21
3561,25
3562,18
3563,23
3564,32
3565,32
3566,28
3567,22
3568,23
3569,44
3570,26
3571,23
3572,21
3573,26
3574,21
3575,36
3576,22
3577,22
3578,34
3579,21
3580,24
3581,33
3582,27
3583,27
3584,21
3585,32
3586,22
3587,38
3588,29
3589,41
3590,34
3591,35
3592,24
3593,36
3594,30
3595,48
3596,24
3597,27
3598,33
3599,29
3600,15
3601,25
3602,24
3603,23
3604,30
3605,42
3606,36
3607,36
3608,30
3609,42
3610,27
3611,30
3612,24
3613,23
3614,32
3615,22
3616,25
3617,50
3618,25
3619,23
3620,27
3621,32
3622,32
3623,45
3624,23
3625,22
3626,28
3627,40
3628,27
3629,28
3630,42
3631,27
3632,21
3633,47
3634,38
3635,24
3636,30
3637,37
3638,26
3639,29
3640,38
3641,19
3642,23
3643,25
3644,23
3645,29
3646,31
3647,55
3648,27
3649,27
3650,21
3651,33
3652,22
3653,23
3654,25
3655,36
3656,40
3657,37
3658,27
3659,24
3660,37
3661,19
3662,29
3663,29
3664,23
3665,22
3666,40
3667,32
3668,24
3669,38
3670,34
3671,31
3672,31
3673,33
3674,32
3675,34
3676,49
3677,18
3678,27
3679,29
3680,27
3681,25
3682,29
3683,31
3684,34
3685,27
3686,16
3687,26
3688,33
3689,28
3690,25
3691,34
3692,23
3693,21
3694,32
3695,26
3696,18
3697,35
3698,34
3699,23
3700,31
3701,22
3702,23
3703,34
3704,28
3705,37
3706,32
3707,83
3708,22
3709,21
3710,21
3711,29
3712,22
3713,29
3714,34
3715,22
3716,24
3717,28
3718,34
3719,29
3720,21
3721,28
3722,25
3723,27
3724,42
3725,37
3726,33
3727,21
3728,34
3729,25
3730,26
3731,21
3732,22
3733,18
3734,34
3735,20
3736,20
3737,23
3738,56
3739,23
3740,35
3741,27
3742,25
3743,35
3744,34
3745,24
3746,24
3747,31
3748,26
3749,23
3750,23
3751,19
3752,39
3753,26
3754,21
3755,21
3756,44
3757,25
3758,30
3759,47
3760,29
3761,21
3762,42
3763,20
3764,22
3765,29
3766,31
3767,24
3768,42
3769,42
3770,23
3771,46
3772,24
3773,29
3774,30
3775,17
3776,35
3777,26
3778,35
3779,29
3780,35
3781,24
3782,25
3783,32
3784,30
3785,23
3786,24
3787,37
3788,32
3789,22
3790,43
3791,29
3792,36
3793,28
3794,27
3795,23
3796,24
3797,34
3798,30
3799,38
3800,26
3801,22
3802,35
3803,40
3804,27
3805,19
3806,37
3807,23
3808,40
3809,26
3810,26
3811,20
3812,29
3813,31
3814,18
3815,35
3816,21
3817,26
3818,34
3819,51
3820,27
3821,24
3822,24
3823,23
3824,28
3825,33
3826,19
3827,41
3828,21
3829,26
3830,21
3831,33
3832,23
3833,23
3834,20
3835,47
3836,28
3837,30
3838,31
3839,38
3840,21
3841,18
3842,25
3843,28
3844,29
3845,21
3846,25
3847,68
3848,28
3849,21
3850,24
3851,33
3852,41
3853,25
3854,41
3855,33
3856,46
3857,39
3858,37
3859,43
3860,23
3861,43
3862,63
3863,40
3864,28
3865,42
3866,41
3867,22
3868,22
3869,38
3870,20
3871,44
3872,37
3873,41
3874,61
3875,31
3876,32
3877,26
3878,21
3879,19
3880,27
3881,29
3882,40
3883,32
3884,26
3885,34
3886,23
3887,32
3888,27
3889,20
3890,23
3891,51
3892,32
3893,22
3894,29
3895,41
3896,20
3897,27
3898,23
3899,31
3900,27
3901,24
3902,26
3903,23
3904,25
3905,24
3906,29
3907,26
3908,20
3909,20
3910,24
3911,23
3912,47
3913,33
3914,22
3915,30
3916,19
3917,26
3918,26
3919,25
3920,26
3921,29
3922,24
3923,49
3924,19
3925,23
3926,42
3927,25
3928,15
3929,26
3930,35
3931,28
3932,24
3933,22
3934,25
3935,21
3936,33
3937,21
3938,22
3939,28
3940,31
3941,37
3942,26
3943,38
3944,26
3945,21
3946,48
3947,22
3948,23
3949,22
3950,31
3951,35
3952,38
3953,37
3954,26
3955,36
3956,25
3957,22
3958,20
3959,29
3960,22
3961,34
3962,35
3963,27
3964,37
3965,37
3966,25
3967,18
3968,29
3969,22
3970,26
3971,26
3972,37
3973,29
3974,23
3975,51
3976,29
3977,28
3978,26
3979,24
3980,20
3981,41
3982,33
3983,34
3984,25
3985,28
3986,33
3987,30
3988,43
3989,44
3990,30
3991,19
3992,23
3993,31
3994,37
3995,26
3996,26
3997,23
3998,28
3999,29
4000,40
4001,26
4002,28
4003,35
4004,31
4005,21
4006,37
4007,21
4008,40
4009,38
4010,31
4011,21
4012,23
4013,24
4014,41
4015,20
4016,20
4017,18
4018,23
4019,23
4020,25
4021,29
4022,21
4023,20
4024,30
4025,31
4026,22
4027,18
4028,29
4029,38
4030,30
4031,28
4032,21
4033,22
4034,28
4035,43
4036,31
4037,29
4038,24
4039,22
4040,25
4041,25
4042,40
4043,49
4044,30
4045,28
4046,25
4047,44
4048,33
4049,35
4050,24
4051,22
4052,30
4053,22
4054,23
4055,33
4056,24
4057,23
4058,34
4059,26
4060,24
4061,49
4062,24
4063,40
4064,38
4065,20
4066,25
4067,28
4068,33
4069,23
4070,37
4071,37
4072,19
4073,24
4074,46
4075,21
4076,31
4077,35
4078,27
4079,22
4080,21
4081,21
4082,29
4083,19
4084,23
4085,32
4086,22
4087,40
4088,38
4089,28
4090,22
4091,31
4092,37
4093,33
4094,29
4095,21
4096,25
4097,21
4098,22
4099,48
4100,38
4101,25
4102,31
4103,25
4104,27
4105,25
4106,29
4107,56
4108,26
4109,25
4110,36
4111,37
4112,31
4113,27
4114,42
4115,31
4116,37
4117,23
4118,33
4119,28
4120,21
4121,27
4122,23
4123,23
4124,23
4125,37
4126,19
4127,23
4128,22
4129,30
4130,21
4131,23
4132,20
4133,21
4134,28
4135,22
4136,29
4137,23
4138,25
4139,21
4140,24
4141,34
4142,57
4143,19
4144,23
4145,24
4146,45
4147,24
4148,24
4149,27
4150,35
4151,28
4152,21
4153,47
4154,26
4155,31
4156,34
4157,19
4158,29
4159,21
4160,27
4161,20
4162,34
4163,34
4164,23
4165,16
4166,26
4167,22
4168,20
4169,33
4170,26
4171,21
4172,34
4173,25
4174,27
4175,25
4176,19
4177,27
4178,26
4179,22
4180,26
4181,20
4182,28
4183,27
4184,29
4185,25
4186,31
4187,23
4188,22
4189,41
4190,30
4191,20
4192,29
4193,34
4194,28
4195,61
4196,43
4197,37
4198,25
4199,30
4200,25
4201,41
4202,52
4203,24
4204,31
4205,34
4206,26
4207,27
4208,47
4209,20
4210,28
4211,25
4212,34
4213,26
4214,25
4215,25
4216,29
4217,40
4218,27
4219,23
4220,75
4221,24
4222,29
4223,20
4224,20
4225,35
4226,34
4227,35
4228,33
4229,21
4230,32
4231,38
4232,20
4233,32
4234,24
4235,19
4236,31
4237,27
4238,21
4239,31
4240,24
4241,34
4242,23
4243,39
4244,26
4245,21
4246,39
4247,42
4248,43
4249,30
4250,20
4251,28
4252,30
4253,21
4254,30
4255,26
4256,37
4257,23
4258,27
4259,22
4260,21
4261,40
4262,27
4263,44
4264,40
4265,37
4266,28
4267,22
4268,19
4269,36
4270,48
4271,28
4272,18
4273,39
4274,25
4275,33
4276,19
4277,40
4278,26
4279,29
4280,26
4281,25
4282,29
4283,21
4284,37
4285,20
4286,27
4287,17
4288,25
4289,31
4290,40
4291,41
4292,34
4293,34
4294,20
4295,23
4296,29
4297,26
4298,30
4299,36
4300,26
4301,47
4302,19
4303,19
4304,31
4305,45
4306,27
4307,23
4308,40
4309,30
4310,28
4311,22
4312,32
4313,29
4314,31
4315,28
4316,37
4317,33
4318,45
4319,27
4320,34
4321,23
4322,56
4323,24
4324,36
4325,39
4326,34
4327,19
4328,18
4329,41
4330,38
4331,45
4332,58
4333,24
4334,27
4335,22
4336,35
4337,29
4338,25
4339,28
4340,29
4341,26
4342,36
4343,22
4344,23
4345,25
4346,33
4347,22
4348,21
4349,23
4350,47
4351,28
4352,27
4353,38
4354,35
4355,27
4356,20
4357,22
4358,21
4359,23
4360,22
4361,45
4362,19
4363,21
4364,26
4365,41
4366,21
4367,28
4368,29
4369,23
4370,30
4371,19
4372,23
4373,20
4374,34
4375,47
4376,23
4377,25
4378,31
4379,27
4380,39
4381,23
4382,39
4383,39
4384,23
4385,25
4386,26
4387,20
4388,21
4389,26
4390,27
4391,26
4392,33
4393,36
4394,29
4395,25
4396,23
4397,21
4398,22
4399,28
4400,31
4401,19
4402,30
4403,22
4404,36
4405,28
4406,31
4407,33
4408,34
4409,25
4410,33
4411,38
4412,29
4413,32
4414,26
4415,27
4416,40
4417,25
4418,37
4419,25
4420,23
4421,20
4422,24
4423,25
4424,20
4425,34
4426,47
4427,19
4428,27
4429,30
4430,19
4431,23
4432,19
4433,29
4434,41
4435,22
4436,22
4437,31
4438,25
4439,30
4440,19
4441,30
4442,23
4443,29
4444,26
4445,56
4446,25
4447,23
4448,46
4449,39
4450,42
4451,35
4452,22
4453,55
4454,27
4455,31
4456,33
4457,35
4458,43
4459,20
4460,55
4461,39
4462,27
4463,28
4464,34
4465,43
4466,23
4467,31
4468,41
4469,41
4470,26
4471,41
4472,24
4473,20
4474,23
4475,24
4476,33
4477,28
4478,31
4479,29
4480,23
4481,33
4482,26
4483,26
4484,30
4485,27
4486,22
4487,23
4488,28
4489,22
4490,25
4491,24
4492,41
4493,46
4494,35
4495,27
4496,34
4497,25
4498,38
4499,59
4500,23
4501,25
4502,33
4503,34
4504,24
4505,23
4506,68
4507,36
4508,34
4509,20
4510,25
4511,37
4512,32
4513,33
4514,17
4515,28
4516,29
4517,43
4518,29
4519,23
4520,25
4521,22
4522,21
4523,37
4524,35
4525,33
4526,25
4527,30
4528,26
4529,22
4530,27
4531,26
4532,28
4533,22
4534,69
4535,38
4536,19
4537,21
4538,23
4539,31
4540,20
4541,23
4542,32
4543,40
4544,26
4545,26
4546,32
4547,20
4548,29
4549,23
4550,29
4551,19
4552,22
4553,29
4554,22
4555,25
4556,30
4557,34
4558,25
4559,29
4560,28
4561,51
4562,29
4563,25
4564,21
4565,29
4566,23
4567,22
4568,24
4569,30
4570,37
4571,34
4572,25
4573,28
4574,43
4575,44
4576,30
4577,34
4578,29
4579,21
4580,25
4581,22
4582,27
4583,23
4584,33
4585,17
4586,34
4587,19
4588,24
4589,26
4590,33
4591,26
4592,22
4593,32
4594,28
4595,26
4596,23
4597,23
4598,29
4599,47
4600,23
4601,31
4602,29
4603,22
4604,42
4605,33
4606,25
4607,19
4608,33
4609,28
4610,44
4611,18
4612,29
4613,27
4614,42
4615,36
4616,20
4617,30
4618,25
4619,36
4620,27
4621,32
4622,19
4623,16
4624,21
4625,31
4626,26
4627,24
4628,25
4629,35
4630,17
4631,24
4632,25
4633,24
4634,24
4635,30
4636,29
4637,15
4638,28
4639,21
4640,22
4641,24
4642,25
4643,26
4644,21
4645,27
4646,25
4647,21
4648,25
4649,25
4650,24
4651,32
4652,21
4653,30
4654,21
4655,24
4656,29
4657,21
4658,35
4659,37
4660,26
4661,40
4662,32
4663,23
4664,23
4665,35
4666,20
4667,22
4668,27
4669,57
4670,39
4671,20
4672,21
4673,32
4674,25
4675,22
4676,23
4677,31
4678,26
4679,37
4680,22
4681,33
4682,25
4683,41
4684,34
4685,28
4686,33
4687,25
4688,35
4689,20
4690,33
4691,34
4692,27
4693,26
4694,25
4695,40
4696,21
4697,44
4698,29
4699,36
4700,31
4701,27
4702,35
4703,22
4704,40
4705,39
4706,40
4707,36
4708,28
4709,25
4710,24
4711,33
4712,28
4713,21
4714,28
4715,22
4716,34
4717,30
4718,22
4719,22
4720,18
4721,22
4722,33
4723,30
4724,22
4725,23
4726,36
4727,31
4728,28
4729,44
4730,30
4731,37
4732,25
4733,37
4734,21
4735,26
4736,39
4737,28
4738,38
4739,33
4740,21
4741,24
4742,24
4743,20
4744,28
4745,21
4746,25
4747,22
4748,43
4749,31
4750,28
4751,24
4752,28
4753,21
4754,33
4755,19
4756,21
4757,21
4758,21
4759,23
4760,33
4761,23
4762,31
4763,21
4764,20
4765,39
4766,23
4767,22
4768,37
4769,22
4770,23
4771,27
4772,23
4773,23
4774,62
4775,24
4776,25
4777,21
4778,20
4779,25
4780,22
4781,34
4782,30
4783,35
4784,24
4785,24
4786,19
4787,20
4788,32
4789,27
4790,26
4791,38
4792,27
4793,28
4794,44
4795,31
4796,29
4797,22
4798,27
4799,33
4800,24
4801,16
4802,23
4803,29
4804,39
4805,27
4806,42
4807,28
4808,18
4809,33
4810,52
4811,29
4812,15
4813,37
4814,29
4815,22
4816,25
4817,29
4818,25
4819,28
4820,25
4821,19
4822,36
4823,37
4824,22
4825,49
4826,28
4827,23
4828,27
4829,34
4830,42
4831,36
4832,26
4833,20
4834,26
4835,34
4836,27
4837,22
4838,27
4839,21
4840,29
4841,26
4842,28
4843,25
4844,25
4845,23
4846,31
4847,49
4848,27
4849,33
4850,23
4851,27
4852,22
4853,21
4854,32
4855,33
4856,43
4857,42
4858,21
4859,25
4860,44
4861,22
4862,18
4863,29
4864,31
4865,21
4866,20
4867,30
4868,28
4869,29
4870,20
4871,24
4872,63
4873,24
4874,19
4875,28
4876,20
4877,22
4878,26
4879,19
4880,23
4881,30
4882,25
4883,25
4884,28
4885,22
4886,37
4887,27
4888,20
4889,27
4890,32
4891,21
4892,31
4893,37
4894,38
4895,26
4896,24
4897,31
4898,27
4899,30
4900,29
4901,21
4902,39
4903,19
4904,32
4905,66
4906,55
4907,37
4908,19
4909,35
4910,19
4911,23
4912,23
4913,20
4914,37
4915,30
4916,21
4917,35
4918,22
4919,27
4920,40
4921,20
4922,20
4923,22
4924,26
4925,26
4926,45
4927,22
4928,20
4929,19
4930,43
4931,31
4932,21
4933,33
4934,18
4935,25
4936,28
4937,24
4938,22
4939,17
4940,24
4941,24
4942,31
4943,24
4944,27
4945,24
4946,15
4947,28
4948,21
4949,37
4950,24
4951,30
4952,33
4953,20
4954,34
4955,24
4956,23
4957,22
4958,34
4959,35
4960,19
4961,20
4962,36
4963,25
4964,38
4965,22
4966,40
4967,29
4968,24
4969,18
4970,28
4971,25
4972,33
4973,44
4974,30
4975,23
4976,20
4977,28
4978,28
4979,32
4980,27
4981,30
4982,19
4983,20
4984,53
4985,65
4986,41
4987,36
4988,45
4989,20
4990,22
4991,23
4992,30
4993,28
4994,25
4995,25
4996,25
4997,20
4998,25
4999,29
5000,26
5001,32
5002,20
5003,43
5004,28
5005,26
5006,21
5007,20
5008,21
5009,24
5010,26
5011,31
5012,36
5013,30
5014,23
5015,27
5016,44
5017,86
5018,23
5019,20
5020,20
5021,37
5022,22
5023,22
5024,25
5025,26
5026,21
5027,27
5028,50
5029,32
5030,31
5031,41
5032,26
5033,25
5034,39
5035,26
5036,22
5037,34
5038,28
5039,44
5040,28
5041,32
5042,34
5043,25
5044,25
5045,32
5046,34
5047,24
5048,35
5049,22
5050,36
5051,25
5052,21
5053,55
5054,38
5055,21
5056,40
5057,29
5058,22
5059,28
5060,27
5061,29
5062,23
5063,25
5064,27
5065,44
5066,21
5067,16
5068,37
5069,24
5070,23
5071,29
5072,30
5073,20
5074,27
5075,29
5076,19
5077,20
5078,40
5079,25
5080,34
5081,36
5082,16
5083,23
5084,21
5085,21
5086,21
5087,57
5088,21
5089,29
5090,37
5091,43
5092,19
5093,30
5094,24
5095,21
5096,23
5097,20
5098,21
5099,28
5100,30
5101,21
5102,32
5103,29
5104,26
5105,23
5106,31
5107,22
5108,29
5109,28
5110,33
5111,37
5112,23
5113,29
5114,39
5115,22
5116,37
5117,41
5118,30
5119,22
5120,19
5121,23
5122,23
5123,20
5124,25
5125,23
5126,23
5127,27
5128,37
5129,26
5130,25
5131,24
5132,28
5133,31
5134,42
5135,41
5136,20
5137,28
5138,25
5139,26
5140,28
5141,36
5142,30
5143,22
5144,24
5145,36
5146,24
5147,24
5148,25
5149,23
5150,27
5151,21
5152,37
5153,33
5154,39
5155,26
5156,33
5157,23
5158,44
5159,39
5160,24
5161,23
5162,20
5163,39
5164,25
5165,29
5166,33
5167,48
5168,26
5169,20
5170,25
5171,22
5172,25
5173,17
5174,29
5175,22
5176,32
5177,30
5178,28
5179,30
5180,26
5181,21
5182,23
5183,35
5184,21
5185,23
5186,28
5187,31
5188,35
5189,28
5190,21
5191,44
5192,44
5193,22
5194,24
5195,31
5196,22
5197,22
5198,26
5199,21
5200,24
5201,29
5202,35
5203,25
5204,23
5205,22
5206,28
5207,26
5208,30
5209,15
5210,24
5211,21
5212,23
5213,25
5214,22
5215,23
5216,31
5217,22
5218,30
5219,43
5220,31
5221,26
5222,21
5223,17
5224,23
5225,27
5226,32
5227,26
5228,23
5229,22
5230,36
5231,20
5232,28
5233,25
5234,22
5235,26
5236,21
5237,31
5238,32
5239,32
5240,29
5241,24
5242,30
5243,15
5244,26
5245,30
5246,22
5247,20
5248,35
5249,33
5250,26
5251,24
5252,37
5253,60
5254,24
5255,21
5256,29
5257,25
5258,21
5259,19
5260,28
5261,18
5262,24
5263,34
5264,21
5265,26
5266,22
5267,27
5268,24
5269,29
5270,31
5271,33
5272,35
5273,27
5274,24
5275,21
5276,22
5277,25
5278,19
5279,29
5280,64
5281,19
5282,46
5283,29
5284,23
5285,40
5286,33
5287,20
5288,34
5289,28
5290,47
5291,59
5292,34
5293,22
5294,37
5295,27
5296,23
5297,20
5298,25
5299,20
5300,19
5301,27
5302,22
5303,32
5304,53
5305,26
5306,26
5307,22
5308,48
5309,27
5310,27
5311,17
5312,27
5313,28
5314,25
5315,30
5316,69
5317,28
5318,24
5319,25
5320,22
5321,40
5322,20
5323,53
5324,23
5325,29
5326,25
5327,21
5328,24
5329,31
5330,40
5331,35
5332,29
5333,20
5334,23
5335,25
5336,28
5337,20
5338,27
5339,28
5340,19
5341,29
5342,63
5343,33
5344,28
5345,19
5346,27
5347,30
5348,35
5349,26
5350,17
5351,31
5352,45
5353,54
5354,26
5355,26
5356,40
5357,29
5358,30
5359,47
5360,24
5361,32
5362,22
5363,48
5364,35
5365,28
5366,47
5367,19
5368,19
5369,26
5370,21
5371,40
5372,48
5373,28
5374,26
5375,19
5376,33
5377,25
5378,45
5379,27
5380,49
5381,26
5382,27
5383,27
5384,22
5385,18
5386,28
5387,35
5388,26
5389,27
5390,30
5391,39
5392,36
5393,21
5394,17
5395,21
5396,31
5397,30
5398,35
5399,24
5400,23
5401,18
5402,19
5403,34
5404,27
5405,27
5406,22
5407,20
5408,23
5409,36
5410,29
5411,29
5412,24
5413,35
5414,26
5415,21
5416,39
5417,24
5418,18
5419,22
5420,23
5421,36
5422,37
5423,18
5424,26
5425,28
5426,34
5427,24
5428,28
5429,26
5430,28
5431,22
5432,33
5433,44
5434,35
5435,32
5436,27
5437,39
5438,28
5439,25
5440,25
5441,37
5442,22
5443,25
5444,19
5445,34
5446,35
5447,20
5448,28
5449,29
5450,38
5451,24
5452,25
5453,46
5454,23
5455,27
5456,30
5457,31
5458,37
5459,17
5460,31
5461,24
5462,27
5463,23
5464,17
5465,33
5466,55
5467,23
5468,25
5469,24
5470,19
5471,22
5472,23
5473,21
5474,51
5475,25
5476,23
5477,19
5478,36
5479,23
5480,29
5481,23
5482,25
5483,25
5484,27
5485,24
5486,29
5487,27
5488,24
5489,24
5490,23
5491,27
5492,31
5493,21
5494,42
5495,39
5496,35
5497,39
5498,46
5499,29
5500,31
5501,22
5502,38
5503,50
5504,23
5505,45
5506,26
5507,29
5508,27
5509,42
5510,29
5511,26
5512,36
5513,24
5514,20
5515,25
5516,21
5517,33
5518,21
5519,24
5520,26
5521,28
5522,25
5523,24
5524,20
5525,27
5526,35
5527,34
5528,21
5529,20
5530,29
5531,27
5532,19
5533,32
5534,28
5535,27
5536,26
5537,44
5538,21
5539,28
5540,43
5541,32
5542,36
5543,43
5544,27
5545,27
5546,19
5547,33
5548,24
5549,43
5550,35
5551,35
5552,43
5553,27
5554,20
5555,27
5556,24
5557,30
5558,37
5559,17
5560,33
5561,28
5562,24
5563,35
5564,23
5565,23
5566,29
5567,29
5568,26
5569,25
5570,33
5571,30
5572,21
5573,31
5574,24
5575,27
5576,47
5577,34
5578,36
5579,25
5580,30
5581,21
5582,45
5583,27
5584,19
5585,55
5586,29
5587,41
5588,24
5589,24
5590,24
5591,25
5592,20
5593,21
5594,37
5595,24
5596,22
5597,26
5598,23
5599,36
5600,27
5601,31
5602,22
5603,33
5604,19
5605,26
5606,27
5607,20
5608,25
5609,30
5610,29
5611,23
5612,45
5613,41
5614,24
5615,24
5616,28
5617,29
5618,39
5619,40
5620,39
5621,31
5622,31
5623,26
5624,28
5625,29
5626,22
5627,26
5628,28
5629,35
5630,30
5631,37
5632,29
5633,44
5634,31
5635,27
5636,52
5637,64
5638,36
5639,19
5640,37
5641,41
5642,21
5643,34
5644,42
5645,31
5646,27
5647,28
5648,18
5649,21
5650,25
5651,24
5652,33
5653,31
5654,29
5655,28
5656,22
5657,40
5658,24
5659,26
5660,22
5661,22
5662,26
5663,25
5664,42
5665,27
5666,22
5667,30
5668,28
5669,29
5670,27
5671,26
5672,36
5673,30
5674,33
5675,24
5676,20
5677,25
5678,37
5679,18
5680,51
5681,26
5682,24
5683,30
5684,28
5685,27
5686,24
5687,20
5688,22
5689,21
5690,25
5691,61
5692,24
5693,43
5694,25
5695,20
5696,23
5697,19
5698,20
5699,33
5700,27
5701,26
5702,47
5703,48
5704,33
5705,27
5706,26
5707,39
5708,24
5709,22
5710,21
5711,57
5712,24
5713,18
5714,28
5715,27
5716,25
5717,24
5718,37
5719,34
5720,41
5721,25
5722,32
5723,35
5724,33
5725,38
5726,38
5727,33
5728,25
5729,43
5730,25
5731,22
5732,31
5733,29
5734,22
5735,24
5736,23
5737,30
5738,25
5739,21
5740,25
5741,21
5742,24
5743,24
5744,19
5745,22
5746,21
5747,19
5748,24
5749,41
5750,32
5751,31
5752,31
5753,21
5754,37
5755,26
5756,33
5757,45
5758,22
5759,26
5760,26
5761,23
5762,27
5763,30
5764,25
5765,27
5766,51
5767,25
5768,23
5769,24
5770,24
5771,22
5772,24
5773,28
5774,30
5775,33
5776,27
5777,26
5778,29
5779,21
5780,22
5781,24
5782,23
5783,23
5784,21
5785,33
5786,58
5787,27
5788,24
5789,17
5790,25
5791,33
5792,28
5793,21
5794,33
5795,55
5796,37
5797,21
5798,27
5799,32
5800,33
5801,45
5802,25
5803,24
5804,30
5805,23
5806,51
5807,23
5808,30
5809,25
5810,19
5811,23
5812,27
5813,37
5814,37
5815,28
5816,37
5817,23
5818,22
5819,26
5820,25
5821,50
5822,33
5823,24
5824,24
5825,58
5826,38
5827,24
5828,40
5829,21
5830,19
5831,23
5832,27
5833,42
5834,23
5835,23
5836,22
5837,34
5838,19
5839,37
5840,24
5841,28
5842,21
5843,26
5844,35
5845,22
5846,27
5847,22
5848,23
5849,22
5850,27
5851,28
5852,33
5853,36
5854,28
5855,34
5856,27
5857,28
5858,19
5859,21
5860,59
5861,21
5862,31
5863,36
5864,33
5865,39
5866,32
5867,44
5868,23
5869,20
5870,28
5871,31
5872,29
5873,34
5874,23
5875,32
5876,25
5877,18
5878,20
5879,33
5880,15
5881,28
5882,32
5883,19
5884,15
5885,30
5886,22
5887,23
5888,28
5889,21
5890,24
5891,19
5892,37
5893,22
5894,26
5895,26
5896,41
5897,23
5898,26
5899,27
5900,23
5901,31
5902,23
5903,47
5904,23
5905,24
5906,40
5907,21
5908,24
5909,27
5910,36
5911,44
5912,23
5913,22
5914,27
5915,22
5916,29
5917,24
5918,32
5919,44
5920,23
5921,27
5922,26
5923,34
5924,22
5925,27
5926,35
5927,24
5928,21
5929,40
5930,19
5931,18
5932,23
5933,32
5934,25
5935,26
5936,33
5937,28
5938,18
5939,33
5940,31
5941,21
5942,22
5943,40
5944,54
5945,24
5946,29
5947,31
5948,44
5949,25
5950,37
5951,24
5952,41
5953,31
5954,35
5955,26
5956,21
5957,22
5958,31
5959,29
5960,30
5961,31
5962,29
5963,20
5964,26
5965,24
5966,26
5967,29
5968,20
5969,29
5970,17
5971,20
5972,19
5973,26
5974,31
5975,22
5976,43
5977,28
5978,23
5979,32
5980,33
5981,27
5982,26
5983,27
5984,24
5985,28
5986,36
5987,31
5988,24
5989,25
5990,31
5991,41
5992,25
5993,33
5994,23
5995,30
5996,22
5997,38
5998,26
5999,24
6000,20
6001,35
6002,31
6003,37
6004,26
6005,42
6006,29
6007,31
6008,37
6009,26
6010,36
6011,26
6012,22
6013,20
6014,26
6015,20
6016,37
6017,24
6018,25
6019,19
6020,22
6021,25
6022,28
6023,21
6024,33
6025,47
6026,35
6027,37
6028,20
6029,37
6030,23
6031,25
6032,28
6033,26
6034,27
6035,33
6036,28
6037,32
6038,35
6039,24
6040,27
6041,25
6042,33
6043,26
6044,24
6045,32
6046,25
6047,34
6048,18
6049,29
6050,23
6051,24
6052,24
6053,29
6054,28
6055,30
6056,38
6057,28
6058,28
6059,21
6060,22
6061,28
6062,25
6063,21
6064,33
6065,21
6066,64
6067,23
6068,28
6069,24
6070,28
6071,28
6072,21
6073,25
6074,24
6075,25
6076,29
6077,35
6078,23
6079,29
6080,25
6081,19
6082,20
6083,21
6084,22
6085,27
6086,27
6087,20
6088,24
6089,29
6090,20
6091,19
6092,35
6093,22
6094,33
6095,26
6096,24
6097,22
6098,41
6099,46
6100,28
6101,31
6102,20
6103,38
6104,42
6105,22
6106,33
6107,37
6108,30
6109,28
6110,28
6111,24
6112,41
6113,22
6114,33
6115,23
6116,26
6117,22
6118,29
6119,28
6120,19
6121,19
6122,39
6123,24
6124,22
6125,40
6126,30
6127,30
6128,27
6129,30
6130,28
6131,29
6132,32
6133,40
6134,31
6135,19
6136,24
6137,27
6138,29
6139,22
6140,40
6141,30
6142,30
6143,20
6144,26
6145,15
6146,35
6147,23
6148,22
6149,28
6150,19
6151,32
6152,30
6153,38
6154,23
6155,24
6156,21
6157,45
6158,39
6159,23
6160,33
6161,30
6162,30
6163,36
6164,33
6165,27
6166,29
6167,28
6168,29
6169,25
6170,20
6171,26
6172,39
6173,40
6174,40
6175,32
6176,22
6177,30
6178,28
6179,20
6180,25
6181,20
6182,31
6183,24
6184,23
6185,21
6186,30
6187,19
6188,24
6189,25
6190,26
6191,21
6192,26
6193,38
6194,34
6195,31
6196,25
6197,23
6198,32
6199,25
6200,33
6201,31
6202,21
6203,32
6204,30
6205,46
6206,27
6207,25
6208,24
6209,26
6210,34
6211,31
6212,22
6213,35
6214,37
6215,45
6216,49
6217,24
6218,18
6219,33
6220,29
6221,21
6222,20
6223,42
6224,22
6225,21
6226,20
6227,27
6228,34
6229,24
6230,36
6231,25
6232,22
6233,21
6234,22
6235,31
6236,19
6237,37
6238,31
6239,43
6240,26
6241,40
6242,31
6243,28
6244,28
6245,26
6246,28
6247,26
6248,54
6249,20
6250,30
6251,23
6252,29
6253,26
6254,40
6255,23
6256,25
6257,27
6258,22
6259,22
6260,21
6261,27
6262,20
6263,23
6264,20
6265,40
6266,22
6267,21
6268,32
6269,26
6270,23
6271,31
6272,25
6273,33
6274,22
6275,21
6276,24
6277,51
6278,27
6279,32
6280,35
6281,24
6282,31
6283,30
6284,23
6285,24
6286,25
6287,41
6288,24
6289,21
6290,38
6291,30
6292,36
6293,29
6294,20
6295,75
6296,22
6297,43
6298,25
6299,37
6300,25
6301,30
6302,32
6303,24
6304,21
6305,25
6306,21
6307,27
6308,26
6309,31
6310,25
6311,40
6312,29
6313,27
6314,28
6315,18
6316,58
6317,25
6318,29
6319,23
6320,20
6321,22
6322,24
6323,27
6324,28
6325,35
6326,19
6327,33
6328,35
6329,49
6330,29
6331,22
6332,42
6333,33
6334,20
6335,34
6336,27
6337,30
6338,32
6339,30
6340,25
6341,54
6342,25
6343,33
6344,27
6345,25
6346,28
6347,27
6348,37
6349,43
6350,23
6351,43
6352,30
6353,22
6354,27
6355,21
6356,24
6357,36
6358,25
6359,26
6360,32
6361,26
6362,20
6363,24
6364,25
6365,21
6366,19
6367,26
6368,22
6369,31
6370,20
6371,25
6372,28
6373,20
6374,18
6375,19
6376,26
6377,22
6378,40
6379,37
6380,56
6381,25
6382,25
6383,43
6384,24
6385,20
6386,24
6387,28
6388,24
6389,32
6390,26
6391,23
6392,28
6393,21
6394,27
6395,30
6396,31
6397,30
6398,33
6399,26
6400,23
6401,31
6402,27
6403,23
6404,25
6405,27
6406,38
6407,41
6408,22
6409,20
6410,27
6411,35
6412,22
6413,28
6414,36
6415,34
6416,19
6417,23
6418,27
6419,29
6420,22
6421,22
6422,24
6423,22
6424,24
6425,26
6426,38
6427,25
6428,44
6429,34
6430,38
6431,31
6432,25
6433,27
6434,49
6435,32
6436,23
6437,29
6438,36
6439,23
6440,36
6441,25
6442,25
6443,30
6444,43
6445,25
6446,31
6447,32
6448,23
6449,33
6450,26
6451,31
6452,47
6453,27
6454,27
6455,26
6456,30
6457,24
6458,23
6459,26
6460,26
6461,25
6462,38
6463,36
6464,20
6465,23
6466,29
6467,27
6468,32
6469,27
6470,29
6471,28
6472,26
6473,20
6474,29
6475,30
6476,25
6477,21
6478,30
6479,21
6480,22
6481,21
6482,22
6483,21
6484,25
6485,33
6486,18
6487,21
6488,46
6489,34
6490,31
6491,26
6492,33
6493,20
6494,18
6495,28
6496,45
6497,43
6498,56
6499,20
6500,28
6501,27
6502,37
6503,40
6504,41
6505,38
6506,29
6507,41
6508,22
6509,21
6510,29
6511,29
6512,30
6513,15
6514,25
6515,32
6516,26
6517,35
6518,41
6519,24
6520,24
6521,42
6522,30
6523,27
6524,29
6525,29
6526,22
6527,35
6528,38
6529,36
6530,33
6531,21
6532,26
6533,20
6534,27
6535,26
6536,25
6537,20
6538,22
6539,23
6540,32
6541,31
6542,29
6543,21
6544,35
6545,32
6546,22
6547,24
6548,29
6549,36
6550,27
6551,25
6552,28
6553,29
6554,27
6555,25
6556,32
6557,39
6558,20
6559,23
6560,28
6561,23
6562,32
6563,21
6564,23
6565,31
6566,31
6567,42
6568,43
6569,28
6570,26
6571,21
6572,27
6573,21
6574,23
6575,18
6576,25
6577,23
6578,25
6579,58
6580,29
6581,25
6582,24
6583,24
6584,31
6585,20
6586,37
6587,31
6588,22
6589,23
6590,18
6591,24
6592,25
6593,67
6594,35
6595,25
6596,21
6597,25
6598,18
6599,23
6600,30
6601,20
6602,44
6603,20
6604,27
6605,19
6606,35
6607,27
6608,48
6609,21
6610,49
6611,52
6612,23
6613,72
6614,21
6615,23
6616,24
6617,21
6618,44
6619,16
6620,26
6621,68
6622,30
6623,32
6624,20
6625,25
6626,45
6627,32
6628,21
6629,38
6630,36
6631,28
6632,19
6633,33
6634,24
6635,33
6636,24
6637,20
6638,26
6639,37
6640,32
6641,23
6642,37
6643,21
6644,26
6645,30
6646,21
6647,67
6648,25
6649,54
6650,29
6651,50
6652,21
6653,30
6654,31
6655,44
6656,23
6657,27
6658,55
6659,21
6660,51
6661,38
6662,33
6663,19
6664,26
6665,32
6666,21
6667,27
6668,25
6669,25
6670,28
6671,29
6672,30
6673,34
6674,25
6675,32
6676,24
6677,18
6678,47
6679,25
6680,27
6681,43
6682,19
6683,26
6684,27
6685,23
6686,31
6687,22
6688,29
6689,29
6690,27
6691,23
6692,25
6693,33
6694,34
6695,29
6696,22
6697,24
6698,39
6699,23
6700,24
6701,45
6702,23
6703,42
6704,26
6705,50
6706,25
6707,31
6708,26
6709,36
6710,31
6711,39
6712,22
6713,29
6714,28
6715,55
6716,22
6717,34
6718,46
6719,31
6720,19
6721,33
6722,24
6723,28
6724,31
6725,33
6726,34
6727,37
6728,22
6729,30
6730,69
6731,23
6732,37
6733,31
6734,22
6735,25
6736,19
6737,22
6738,22
6739,25
6740,27
6741,18
6742,31
6743,22
6744,22
6745,35
6746,34
6747,40
6748,25
6749,20
6750,23
6751,48
6752,23
6753,26
6754,28
6755,21
6756,25
6757,20
6758,32
6759,36
6760,27
6761,22
6762,39
6763,18
6764,25
6765,25
6766,28
6767,20
6768,29
6769,27
6770,25
6771,18
6772,27
6773,31
6774,34
6775,31
6776,22
6777,31
6778,24
6779,22
6780,32
6781,31
6782,30
6783,24
6784,36
6785,49
6786,31
6787,20
6788,32
6789,35
6790,28
6791,28
6792,23
6793,20
6794,57
6795,25
6796,25
6797,22
6798,41
6799,47
6800,27
6801,26
6802,22
6803,29
6804,36
6805,32
6806,22
6807,29
6808,27
6809,25
6810,53
6811,32
6812,26
6813,25
6814,22
6815,22
6816,29
6817,29
6818,49
6819,27
6820,26
6821,29
6822,31
6823,30
6824,20
6825,46
6826,22
6827,31
6828,31
6829,24
6830,36
6831,26
6832,21
6833,30
6834,32
6835,43
6836,23
6837,24
6838,30
6839,48
6840,22
6841,22
6842,23
6843,31
6844,56
6845,59
6846,25
6847,31
6848,33
6849,29
6850,24
6851,26
6852,23
6853,38
6854,24
6855,25
6856,33
6857,25
6858,25
6859,22
6860,30
6861,37
6862,21
6863,30
6864,25
6865,22
6866,37
6867,37
6868,46
6869,38
6870,23
6871,33
6872,28
6873,30
6874,20
6875,44
6876,23
6877,22
6878,23
6879,38
6880,32
6881,30
6882,19
6883,29
6884,39
6885,21
6886,30
6887,38
6888,20
6889,43
6890,21
6891,27
6892,24
6893,31
6894,37
6895,31
6896,23
6897,25
6898,33
6899,24
6900,33
6901,20
6902,32
6903,26
6904,23
6905,29
6906,41
6907,26
6908,39
6909,29
6910,34
6911,18
6912,33
6913,26
6914,32
6915,40
6916,23
6917,26
6918,33
6919,29
6920,35
6921,29
6922,31
6923,19
6924,38
6925,32
6926,30
6927,41
6928,22
6929,24
6930,24
6931,30
6932,31
6933,23
6934,17
6935,26
6936,24
6937,30
6938,44
6939,19
6940,19
6941,37
6942,29
6943,35
6944,28
6945,29
6946,21
6947,21
6948,19
6949,37
6950,36
6951,22
6952,22
6953,27
6954,49
6955,28
6956,27
6957,29
6958,36
6959,21
6960,22
6961,27
6962,18
6963,32
6964,37
6965,35
6966,28
6967,22
6968,28
6969,30
6970,23
6971,26
6972,21
6973,25
6974,46
6975,27
6976,22
6977,23
6978,26
6979,35
6980,17
6981,27
6982,20
6983,25
6984,49
6985,23
6986,39
6987,30
6988,34
6989,21
6990,39
6991,23
6992,47
6993,25
6994,25
6995,19
6996,23
6997,23
6998,20
6999,24
7000,30
7001,35
7002,25
7003,34
7004,20
7005,28
7006,27
7007,26
7008,22
7009,39
7010,21
7011,54
7012,24
7013,29
7014,25
7015,24
7016,39
7017,18
7018,23
7019,21
7020,24
7021,50
7022,22
7023,25
7024,21
7025,19
7026,55
7027,25
7028,28
7029,33
7030,26
7031,26
7032,29
7033,21
7034,35
7035,31
7036,32
7037,24
7038,38
7039,49
7040,31
7041,25
7042,20
7043,45
7044,23
7045,18
7046,68
7047,24
7048,27
7049,24
7050,33
7051,30
7052,27
7053,30
7054,19
7055,35
7056,33
7057,26
7058,27
7059,30
7060,31
7061,30
7062,21
7063,49
7064,42
