,num_cp
0,6
1,6
2,5
3,8
4,12
5,7
6,8
7,8
8,5
9,12
10,10
11,5
12,10
13,6
14,7
15,4
16,7
17,8
18,6
19,6
20,9
21,6
22,6
23,6
24,6
25,10
26,5
27,4
28,8
29,12
30,12
31,11
32,5
33,10
34,9
35,4
36,9
37,7
38,10
39,7
40,7
41,7
42,6
43,4
44,8
45,6
46,8
47,6
48,8
49,7
50,7
51,9
52,5
53,7
54,6
55,7
56,7
57,9
58,6
59,9
60,10
61,10
62,5
63,6
64,4
65,9
66,7
67,9
68,9
69,10
70,7
71,2
72,5
73,7
74,7
75,9
76,9
77,8
78,9
79,8
80,7
81,6
82,5
83,6
84,5
85,6
86,7
87,10
88,9
89,9
90,7
91,14
92,6
93,7
94,9
95,5
96,6
97,6
98,7
99,8
100,9
101,6
102,8
103,6
104,12
105,9
106,5
107,9
108,6
109,8
110,6
111,7
112,13
113,6
114,8
115,7
116,8
117,5
118,3
119,6
120,5
121,4
122,7
123,6
124,3
125,5
126,6
127,8
128,7
129,8
130,8
131,8
132,6
133,4
134,7
135,5
136,9
137,10
138,8
139,7
140,5
141,4
142,7
143,8
144,4
145,9
146,9
147,14
148,8
149,8
150,6
151,7
152,9
153,8
154,7
155,7
156,9
157,6
158,7
159,7
160,5
161,8
162,11
163,6
164,11
165,9
166,9
167,9
168,10
169,12
170,7
171,8
172,10
173,13
174,10
175,3
176,5
177,6
178,8
179,7
180,6
181,6
182,7
183,8
184,7
185,9
186,7
187,8
188,9
189,9
190,4
191,8
192,6
193,11
194,9
195,8
196,7
197,6
198,7
199,10
200,8
201,10
202,5
203,9
204,8
205,9
206,6
207,6
208,10
209,11
210,7
211,5
212,8
213,3
214,8
215,9
216,6
217,10
218,7
219,11
220,10
221,5
222,11
223,9
224,8
225,6
226,4
227,9
228,8
229,8
230,7
231,7
232,8
233,7
234,5
235,5
236,6
237,4
238,9
239,6
240,8
241,8
242,11
243,8
244,9
245,10
246,6
247,3
248,6
249,5
250,7
251,10
252,8
253,6
254,6
255,10
256,11
257,8
258,10
259,7
260,7
261,9
262,11
263,8
264,8
265,10
266,8
267,5
268,8
269,11
270,8
271,7
272,12
273,8
274,6
275,11
276,10
277,10
278,6
279,7
280,7
281,11
282,6
283,8
284,4
285,11
286,7
287,9
288,7
289,9
290,7
291,8
292,7
293,4
294,5
295,6
296,9
297,6
298,8
299,8
300,13
301,8
302,9
303,6
304,12
305,8
306,9
307,9
308,5
309,10
310,6
311,12
312,6
313,8
314,10
315,8
316,9
317,8
318,11
319,9
320,7
321,7
322,10
323,7
324,6
325,6
326,5
327,5
328,7
329,7
330,11
331,7
332,4
333,9
334,6
335,10
336,3
337,7
338,7
339,7
340,7
341,6
342,9
343,5
344,10
345,7
346,8
347,10
348,5
349,7
350,3
351,4
352,3
353,8
354,10
355,9
356,6
357,10
358,11
359,7
360,9
361,7
362,4
363,7
364,7
365,8
366,10
367,6
368,4
369,7
370,7
371,4
372,8
373,9
374,5
375,9
376,11
377,7
378,5
379,7
380,7
381,5
382,2
383,9
384,7
385,7
386,5
387,8
388,10
389,10
390,8
391,8
392,4
393,7
394,7
395,5
396,8
397,7
398,4
399,11
400,8
401,6
402,8
403,8
404,4
405,8
406,6
407,9
408,9
409,8
410,9
411,6
412,2
413,8
414,7
415,9
416,8
417,8
418,7
419,5
420,9
421,8
422,3
423,9
424,7
425,5
426,8
427,7
428,10
429,7
430,10
431,5
432,7
433,12
434,7
435,7
436,7
437,7
438,8
439,7
440,1
441,2
442,6
443,8
444,7
445,4
446,7
447,9
448,11
449,7
450,3
451,9
452,11
453,9
454,8
455,11
456,10
457,4
458,6
459,5
460,5
461,7
462,10
463,6
464,8
465,8
466,6
467,9
468,8
469,11
470,6
471,10
472,8
473,10
474,13
475,11
476,7
477,9
478,5
479,9
480,8
481,6
482,10
483,12
484,9
485,7
486,9
487,10
488,6
489,8
490,6
491,9
492,2
493,3
494,7
495,5
496,7
497,5
498,5
499,6
500,6
501,7
502,8
503,10
504,6
505,7
506,5
507,7
508,6
509,6
510,5
511,5
512,5
513,7
514,8
515,8
516,5
517,10
518,8
519,5
520,5
521,9
522,11
523,6
524,6
525,6
526,9
527,7
528,6
529,9
530,8
531,11
532,10
533,7
534,5
535,8
536,7
537,6
538,9
539,5
540,5
541,8
542,11
543,7
544,5
545,8
546,6
547,6
548,8
549,9
550,4
551,7
552,7
553,6
554,7
555,4
556,10
557,6
558,6
559,6
560,8
561,7
562,8
563,9
564,6
565,10
566,6
567,9
568,10
569,9
570,12
571,5
572,6
573,12
574,9
575,4
576,6
577,2
578,12
579,6
580,9
581,8
582,6
583,9
584,10
585,6
586,7
587,8
588,9
589,3
590,5
591,7
592,8
593,9
594,10
595,6
596,8
597,7
598,6
599,8
600,10
601,7
602,9
603,7
604,5
605,9
606,10
607,9
608,6
609,4
610,7
611,4
612,6
613,5
614,8
615,8
616,5
617,13
618,4
619,8
620,7
621,7
622,9
623,11
624,7
625,3
626,8
627,7
628,7
629,7
630,7
631,4
632,7
633,6
634,8
635,6
636,10
637,9
638,6
639,6
640,9
641,7
642,5
643,3
644,5
645,4
646,9
647,7
648,9
649,7
650,8
651,8
652,8
653,7
654,11
655,6
656,5
657,7
658,9
659,6
660,9
661,9
662,6
663,7
664,9
665,9
666,8
667,7
668,9
669,10
670,8
671,9
672,5
673,4
674,7
675,4
676,9
677,8
678,8
679,7
680,9
681,10
682,11
683,8
684,7
685,5
686,5
687,8
688,8
689,7
690,7
691,11
692,8
693,8
694,5
695,9
696,7
697,9
698,7
699,7
700,10
701,9
702,7
703,7
704,6
705,8
706,10
707,8
708,8
709,9
710,7
711,7
712,7
713,4
714,9
715,6
716,8
717,5
718,5
719,6
720,6
721,11
722,15
723,10
724,6
725,5
726,7
727,7
728,11
729,15
730,4
731,5
732,6
733,5
734,15
735,7
736,5
737,8
738,9
739,8
740,6
741,7
742,5
743,9
744,11
745,12
746,5
747,8
748,9
749,8
750,9
751,7
752,9
753,10
754,9
755,8
756,3
757,7
758,6
759,7
760,9
761,5
762,9
763,7
764,8
765,10
766,7
767,4
768,4
769,10
770,5
771,12
772,5
773,4
774,11
775,8
776,4
777,6
778,11
779,7
780,8
781,4
782,3
783,7
784,11
785,6
786,3
787,9
788,5
789,8
790,5
791,9
792,8
793,9
794,10
795,7
796,10
797,5
798,8
799,9
800,7
801,8
802,5
803,5
804,11
805,4
806,9
807,10
808,4
809,4
810,5
811,9
812,7
813,7
814,7
815,9
816,6
817,8
818,7
819,8
820,4
821,10
822,10
823,4
824,3
825,8
826,8
827,5
828,9
829,7
830,4
831,6
832,6
833,7
834,8
835,5
836,6
837,9
838,7
839,7
840,7
841,7
842,8
843,5
844,11
845,8
846,6
847,6
848,11
849,11
850,12
851,6
852,9
853,7
854,5
855,10
856,6
857,8
858,11
859,3
860,7
861,8
862,5
863,7
864,9
865,9
866,7
867,8
868,9
869,9
870,8
871,11
872,8
873,6
874,7
875,10
876,11
877,5
878,10
879,8
880,12
881,10
882,10
883,6
884,8
885,9
886,8
887,7
888,11
889,4
890,8
891,8
892,9
893,8
894,6
895,7
896,4
897,10
898,6
899,7
900,8
901,8
902,6
903,6
904,8
905,5
906,5
907,9
908,7
909,7
910,6
911,10
912,11
913,7
914,6
915,11
916,11
917,5
918,8
919,7
920,6
921,8
922,11
923,8
924,7
925,6
926,8
927,8
928,5
929,5
930,8
931,7
932,5
933,6
934,3
935,6
936,11
937,4
938,7
939,11
940,5
941,7
942,8
943,5
944,8
945,5
946,6
947,5
948,4
949,5
950,10
951,8
952,6
953,9
954,9
955,8
956,6
957,9
958,6
959,8
960,8
961,7
962,6
963,5
964,8
965,11
966,6
967,9
968,6
969,6
970,11
971,5
972,10
973,9
974,10
975,13
976,6
977,8
978,8
979,7
980,7
981,8
982,7
983,8
984,7
985,6
986,8
987,9
988,6
989,5
990,8
991,9
992,7
993,7
994,7
995,8
996,7
997,8
998,9
999,11
1000,5
1001,10
1002,9
1003,11
1004,5
1005,10
1006,11
1007,7
1008,8
1009,11
1010,5
1011,10
1012,5
1013,8
1014,7
1015,7
1016,6
1017,5
1018,5
1019,11
1020,10
1021,8
1022,8
1023,10
1024,11
1025,9
1026,5
1027,12
1028,13
1029,9
1030,10
1031,9
1032,5
1033,10
1034,6
1035,8
1036,6
1037,6
1038,9
1039,3
1040,9
1041,10
1042,10
1043,7
1044,6
1045,6
1046,10
1047,7
1048,9
1049,9
1050,9
1051,5
1052,5
1053,8
1054,4
1055,4
1056,7
1057,7
1058,7
1059,7
1060,11
1061,6
1062,5
1063,7
1064,4
1065,7
1066,8
1067,4
1068,3
1069,10
1070,5
1071,8
1072,7
1073,10
1074,7
1075,5
1076,9
1077,8
1078,10
1079,8
1080,8
1081,7
1082,11
1083,7
1084,7
1085,8
1086,8
1087,7
1088,6
1089,11
1090,8
1091,7
1092,8
1093,11
1094,8
1095,5
1096,7
1097,4
1098,6
1099,5
1100,9
1101,7
1102,4
1103,7
1104,7
1105,11
1106,11
1107,8
1108,4
1109,3
1110,5
1111,6
1112,7
1113,13
1114,6
1115,6
1116,5
1117,7
1118,8
1119,9
1120,5
1121,5
1122,6
1123,7
1124,10
1125,3
1126,6
1127,3
1128,6
1129,8
1130,5
1131,5
1132,9
1133,9
1134,5
1135,8
1136,9
1137,4
1138,8
1139,7
1140,8
1141,7
1142,8
1143,9
1144,8
1145,10
1146,12
1147,8
1148,11
1149,10
1150,3
1151,11
1152,7
1153,6
1154,5
1155,9
1156,9
1157,6
1158,11
1159,9
1160,10
1161,3
1162,8
1163,8
1164,10
1165,8
1166,8
1167,10
1168,9
1169,7
1170,7
1171,8
1172,5
1173,5
1174,6
1175,7
1176,8
1177,4
1178,8
1179,7
1180,5
1181,12
1182,9
1183,6
1184,8
1185,7
1186,5
1187,5
1188,5
1189,7
1190,7
1191,10
1192,7
1193,9
1194,9
1195,8
1196,7
1197,8
1198,7
1199,4
1200,7
1201,10
1202,13
1203,6
1204,10
1205,7
1206,5
1207,6
1208,9
1209,5
1210,3
1211,8
1212,6
1213,6
1214,6
1215,4
1216,9
1217,7
1218,9
1219,9
1220,7
1221,3
1222,7
1223,6
1224,5
1225,6
1226,6
1227,12
1228,9
1229,6
1230,9
1231,8
1232,11
1233,6
1234,10
1235,10
1236,4
1237,7
1238,7
1239,9
1240,10
1241,11
1242,11
1243,6
1244,7
1245,9
1246,6
1247,7
1248,10
1249,7
1250,7
1251,10
1252,9
1253,9
1254,10
1255,10
1256,6
1257,12
1258,10
1259,11
1260,6
1261,5
1262,3
1263,6
1264,7
1265,7
1266,8
1267,4
1268,5
1269,10
1270,2
1271,9
1272,10
1273,6
1274,9
1275,5
1276,8
1277,7
1278,5
1279,10
1280,5
1281,14
1282,2
1283,5
1284,6
1285,9
1286,6
1287,7
1288,8
1289,7
1290,5
1291,8
1292,9
1293,10
1294,8
1295,5
1296,7
1297,6
1298,5
1299,9
1300,8
1301,7
1302,9
1303,8
1304,8
1305,8
1306,6
1307,6
1308,6
1309,7
1310,7
1311,11
1312,8
1313,9
1314,8
1315,4
1316,5
1317,8
1318,9
1319,7
1320,10
1321,8
1322,6
1323,8
1324,7
1325,7
1326,5
1327,13
1328,6
1329,9
1330,6
1331,3
1332,4
1333,3
1334,9
1335,7
1336,8
1337,13
1338,6
1339,7
1340,4
1341,11
1342,7
1343,6
1344,3
1345,7
1346,9
1347,8
1348,8
1349,8
1350,8
1351,7
1352,8
1353,6
1354,8
1355,8
1356,6
1357,6
1358,4
1359,11
1360,6
1361,6
1362,11
1363,7
1364,6
1365,6
1366,4
1367,7
1368,9
1369,9
1370,5
1371,5
1372,8
1373,5
1374,7
1375,13
1376,7
1377,11
1378,7
1379,6
1380,8
1381,8
1382,4
1383,4
1384,6
1385,5
1386,8
1387,11
1388,10
1389,9
1390,8
1391,9
1392,10
1393,9
1394,9
1395,8
1396,8
1397,9
1398,8
1399,10
1400,6
1401,8
1402,9
1403,8
1404,9
1405,4
1406,7
1407,7
1408,9
1409,5
1410,8
1411,6
1412,5
1413,9
1414,5
1415,13
1416,9
1417,8
1418,11
1419,12
1420,7
1421,6
1422,6
1423,5
1424,8
1425,10
1426,6
1427,10
1428,5
1429,10
1430,4
1431,6
1432,6
1433,6
1434,9
1435,9
1436,7
1437,8
1438,10
1439,8
1440,9
1441,5
1442,9
1443,10
1444,10
1445,9
1446,7
1447,9
1448,9
1449,6
1450,5
1451,8
1452,8
1453,6
1454,5
1455,9
1456,7
1457,9
1458,5
1459,11
1460,7
1461,9
1462,11
1463,9
1464,7
1465,8
1466,4
1467,7
1468,12
1469,7
1470,8
1471,9
1472,6
1473,9
1474,8
1475,8
1476,12
1477,8
1478,5
1479,9
1480,5
1481,7
1482,4
1483,7
1484,5
1485,11
1486,7
1487,9
1488,8
1489,10
1490,8
1491,9
1492,11
1493,9
1494,8
1495,10
1496,6
1497,9
1498,12
1499,9
1500,8
1501,8
1502,9
1503,7
1504,6
1505,6
1506,7
1507,6
1508,8
1509,9
1510,7
1511,9
1512,10
1513,5
1514,10
1515,7
1516,10
1517,9
1518,6
1519,4
1520,10
1521,6
1522,7
1523,7
1524,5
1525,6
1526,7
1527,9
1528,6
1529,8
1530,4
1531,9
1532,7
1533,11
1534,10
1535,7
1536,5
1537,7
1538,8
1539,10
1540,7
1541,10
1542,7
1543,7
1544,5
1545,9
1546,6
1547,9
1548,5
1549,8
1550,4
1551,10
1552,5
1553,5
1554,6
1555,7
1556,6
1557,5
1558,6
1559,7
1560,7
1561,6
1562,8
1563,7
1564,9
1565,7
1566,9
1567,8
1568,6
1569,8
1570,6
1571,10
1572,8
1573,8
1574,10
1575,4
1576,4
1577,8
1578,8
1579,8
1580,7
1581,9
1582,5
1583,6
1584,9
1585,8
1586,6
1587,7
1588,7
1589,10
1590,6
1591,1
1592,6
1593,8
1594,5
1595,6
1596,7
1597,6
1598,3
1599,6
1600,6
1601,6
1602,5
1603,9
1604,6
1605,5
1606,5
1607,8
1608,5
1609,3
1610,9
1611,12
1612,7
1613,9
1614,6
1615,6
1616,9
1617,9
1618,6
1619,4
1620,7
1621,9
1622,8
1623,10
1624,4
1625,7
1626,5
1627,6
1628,4
1629,9
1630,7
1631,5
1632,7
1633,7
1634,6
1635,6
1636,6
1637,10
1638,8
1639,9
1640,5
1641,7
1642,6
1643,8
1644,7
1645,7
1646,8
1647,7
1648,7
1649,10
1650,8
1651,6
1652,5
1653,3
1654,12
1655,9
1656,11
1657,7
1658,7
1659,7
1660,7
1661,10
1662,12
1663,9
1664,7
1665,7
1666,8
1667,11
1668,9
1669,11
1670,8
1671,10
1672,5
1673,5
1674,6
1675,9
1676,6
1677,9
1678,9
1679,3
1680,9
1681,6
1682,4
1683,7
1684,7
1685,8
1686,6
1687,5
1688,11
1689,7
1690,9
1691,7
1692,7
1693,11
1694,8
1695,8
1696,7
1697,9
1698,8
1699,11
1700,7
1701,6
1702,7
1703,5
1704,7
1705,4
1706,6
1707,6
1708,6
1709,5
1710,4
1711,7
1712,10
1713,7
1714,7
1715,7
1716,6
1717,9
1718,8
1719,7
1720,8
1721,2
1722,8
1723,7
1724,6
1725,9
1726,9
1727,3
1728,6
1729,4
1730,9
1731,5
1732,9
1733,6
1734,3
1735,4
1736,9
1737,6
1738,5
1739,8
1740,8
1741,7
1742,6
1743,11
1744,7
1745,9
1746,12
1747,10
1748,2
1749,9
1750,12
1751,9
1752,9
1753,6
1754,8
1755,9
1756,4
1757,9
1758,9
1759,12
1760,7
1761,6
1762,9
1763,10
1764,6
1765,9
1766,9
1767,5
1768,9
1769,6
1770,7
1771,7
1772,4
1773,6
1774,12
1775,9
1776,7
1777,9
1778,7
1779,6
1780,8
1781,8
1782,11
1783,5
1784,5
1785,9
1786,7
1787,8
1788,8
1789,11
1790,10
1791,7
1792,7
1793,9
1794,12
1795,10
1796,4
1797,8
1798,6
1799,7
1800,5
1801,10
1802,5
1803,9
1804,6
1805,10
1806,8
1807,6
1808,13
1809,8
1810,6
1811,7
1812,8
1813,10
1814,9
1815,7
1816,7
1817,5
1818,6
1819,9
1820,7
1821,7
1822,9
1823,10
1824,7
1825,4
1826,7
1827,9
1828,6
1829,8
1830,7
1831,5
1832,9
1833,9
1834,7
1835,4
1836,8
1837,10
1838,6
1839,7
1840,9
1841,8
1842,7
1843,11
1844,5
1845,13
1846,6
1847,9
1848,6
1849,9
1850,13
1851,8
1852,9
1853,10
1854,7
1855,5
1856,7
1857,11
1858,8
1859,4
1860,9
1861,7
1862,8
1863,6
1864,3
1865,5
1866,7
1867,9
1868,10
1869,4
1870,8
1871,8
1872,9
1873,6
1874,4
1875,7
1876,10
1877,10
1878,8
1879,8
1880,7
1881,5
1882,8
1883,6
1884,11
1885,8
1886,9
1887,8
1888,7
1889,6
1890,13
1891,8
1892,6
1893,7
1894,7
1895,6
1896,8
1897,8
1898,9
1899,10
1900,6
1901,7
1902,9
1903,7
1904,11
1905,7
1906,10
1907,8
1908,12
1909,3
1910,6
1911,7
1912,8
1913,3
1914,4
1915,5
1916,10
1917,7
1918,8
1919,10
1920,3
1921,8
1922,8
1923,7
1924,6
1925,8
1926,10
1927,6
1928,11
1929,6
1930,8
1931,5
1932,7
1933,7
1934,5
1935,8
1936,6
1937,6
1938,9
1939,10
1940,6
1941,7
1942,7
1943,8
1944,8
1945,6
1946,6
1947,4
1948,9
1949,12
1950,8
1951,7
1952,6
1953,11
1954,9
1955,8
1956,5
1957,6
1958,8
1959,3
1960,6
1961,8
1962,10
1963,9
1964,7
1965,8
1966,10
1967,7
1968,7
1969,10
1970,11
1971,9
1972,8
1973,7
1974,7
1975,8
1976,9
1977,6
1978,4
1979,15
1980,10
1981,7
1982,6
1983,8
1984,6
1985,6
1986,9
1987,10
1988,6
1989,4
1990,9
1991,6
1992,6
1993,10
1994,7
1995,6
1996,9
1997,5
1998,6
1999,8
2000,5
2001,5
2002,6
2003,2
2004,6
2005,8
2006,5
2007,8
2008,10
2009,10
2010,8
2011,7
2012,7
2013,6
2014,8
2015,8
2016,9
2017,7
2018,11
2019,8
2020,7
2021,5
2022,5
2023,7
2024,5
2025,9
2026,7
2027,8
2028,6
2029,9
2030,8
2031,8
2032,6
2033,6
2034,5
2035,4
2036,8
2037,7
2038,6
2039,7
2040,6
2041,4
2042,8
2043,8
2044,5
2045,7
2046,4
2047,6
2048,9
2049,7
2050,9
2051,2
2052,9
2053,10
2054,9
2055,5
2056,12
2057,5
2058,8
2059,5
2060,7
2061,8
2062,7
2063,11
2064,4
2065,5
2066,5
2067,4
2068,7
2069,8
2070,8
2071,6
2072,6
2073,4
2074,11
2075,6
2076,8
2077,5
2078,9
2079,7
2080,6
2081,10
2082,8
2083,7
2084,11
2085,9
2086,4
2087,4
2088,6
2089,4
2090,6
2091,6
2092,9
2093,11
2094,13
2095,6
2096,6
2097,8
2098,8
2099,9
2100,3
2101,4
2102,7
2103,6
2104,5
2105,9
2106,10
2107,5
2108,10
2109,8
2110,9
2111,5
2112,3
2113,5
2114,12
2115,7
2116,8
2117,8
2118,10
2119,6
2120,2
2121,4
2122,6
2123,9
2124,6
2125,8
2126,6
2127,8
2128,8
2129,7
2130,6
2131,5
2132,8
2133,6
2134,4
2135,8
2136,7
2137,7
2138,10
2139,10
2140,6
2141,8
2142,6
2143,7
2144,8
2145,9
2146,4
2147,9
2148,7
2149,5
2150,8
2151,8
2152,5
2153,6
2154,5
2155,7
2156,4
2157,7
2158,7
2159,6
2160,7
2161,6
2162,8
2163,9
2164,9
2165,10
2166,10
2167,8
2168,6
2169,10
2170,6
2171,6
2172,7
2173,11
2174,9
2175,10
2176,10
2177,9
2178,13
2179,9
2180,6
2181,4
2182,8
2183,4
2184,8
2185,7
2186,5
2187,5
2188,6
2189,9
2190,10
2191,7
2192,9
2193,4
2194,7
2195,8
2196,7
2197,7
2198,7
2199,10
2200,6
2201,8
2202,8
2203,6
2204,9
2205,7
2206,5
2207,5
2208,6
2209,6
2210,7
2211,6
2212,6
2213,10
2214,8
2215,8
2216,6
2217,8
2218,8
2219,10
2220,8
2221,6
2222,6
2223,7
2224,13
2225,6
2226,6
2227,9
2228,11
2229,11
2230,6
2231,8
2232,7
2233,7
2234,5
2235,5
2236,7
2237,6
2238,7
2239,5
2240,10
2241,9
2242,9
2243,8
2244,5
2245,8
2246,10
2247,13
2248,7
2249,8
2250,5
2251,3
2252,10
2253,4
2254,8
2255,7
2256,8
2257,6
2258,6
2259,9
2260,7
2261,8
2262,5
2263,10
2264,7
2265,9
2266,5
2267,7
2268,7
2269,7
2270,6
2271,7
2272,9
2273,3
2274,8
2275,10
2276,7
2277,12
2278,9
2279,10
2280,5
2281,7
2282,5
2283,11
2284,9
2285,10
2286,13
2287,3
2288,8
2289,8
2290,8
2291,5
2292,10
2293,7
2294,9
2295,6
2296,7
2297,11
2298,12
2299,8
2300,5
2301,3
2302,6
2303,6
2304,8
2305,6
2306,6
2307,6
2308,9
2309,7
2310,3
2311,8
2312,6
2313,8
2314,6
2315,7
2316,9
2317,9
2318,6
2319,11
2320,7
2321,3
2322,7
2323,4
2324,7
2325,8
2326,7
2327,8
2328,9
2329,6
2330,5
2331,5
2332,6
2333,7
2334,10
2335,7
2336,2
2337,7
2338,7
2339,8
2340,10
2341,10
2342,11
2343,10
2344,7
2345,5
2346,6
2347,6
2348,8
2349,7
2350,11
2351,11
2352,5
2353,9
2354,9
2355,8
2356,8
2357,8
2358,8
2359,8
2360,7
2361,3
2362,6
2363,8
2364,6
2365,7
2366,6
2367,9
2368,11
2369,13
2370,7
2371,8
2372,6
2373,5
2374,3
2375,9
2376,9
2377,8
2378,9
2379,7
2380,8
2381,6
2382,9
2383,8
2384,8
2385,7
2386,3
2387,10
2388,8
2389,11
2390,5
2391,10
2392,8
2393,9
2394,9
2395,6
2396,5
2397,9
2398,4
2399,7
2400,8
2401,8
2402,10
2403,7
2404,7
2405,9
2406,12
2407,9
2408,7
2409,6
2410,10
2411,6
2412,8
2413,3
2414,8
2415,5
2416,7
2417,8
2418,7
2419,7
2420,5
2421,10
2422,5
2423,7
2424,6
2425,5
2426,7
2427,12
2428,8
2429,8
2430,5
2431,8
2432,7
2433,5
2434,8
2435,9
2436,7
2437,6
2438,12
2439,5
2440,8
2441,5
2442,7
2443,7
2444,13
2445,6
2446,5
2447,7
2448,9
2449,9
2450,11
2451,6
2452,11
2453,12
2454,8
2455,6
2456,5
2457,5
2458,8
2459,10
2460,10
2461,10
2462,7
2463,8
2464,5
2465,8
2466,10
2467,3
2468,6
2469,5
2470,6
2471,5
2472,11
2473,11
2474,10
2475,5
2476,10
2477,9
2478,7
2479,8
2480,7
2481,5
2482,6
2483,8
2484,7
2485,8
2486,10
2487,11
2488,7
2489,8
2490,9
2491,7
2492,9
2493,7
2494,8
2495,4
2496,7
2497,6
2498,4
2499,9
2500,8
2501,9
2502,5
2503,8
2504,4
2505,10
2506,6
2507,9
2508,13
2509,6
2510,8
2511,7
2512,9
2513,4
2514,6
2515,6
2516,9
2517,7
2518,12
2519,8
2520,4
2521,8
2522,6
2523,9
2524,7
2525,7
2526,6
2527,6
2528,10
2529,7
2530,5
2531,6
2532,5
2533,8
2534,11
2535,10
2536,6
2537,7
2538,8
2539,7
2540,6
2541,8
2542,7
2543,10
2544,8
2545,9
2546,12
2547,6
2548,5
2549,10
2550,9
2551,9
2552,7
2553,7
2554,13
2555,7
2556,8
2557,10
2558,9
2559,7
2560,12
2561,7
2562,10
2563,11
2564,9
2565,4
2566,8
2567,7
2568,4
2569,9
2570,9
2571,7
2572,6
2573,5
2574,6
2575,5
2576,9
2577,10
2578,7
2579,9
2580,7
2581,8
2582,6
2583,6
2584,8
2585,6
2586,7
2587,12
2588,7
2589,10
2590,5
2591,11
2592,6
2593,4
2594,7
2595,10
2596,5
2597,9
2598,8
2599,9
2600,10
2601,6
2602,11
2603,6
2604,9
2605,9
2606,7
2607,9
2608,6
2609,9
2610,10
2611,11
2612,6
2613,8
2614,4
2615,6
2616,8
2617,7
2618,11
2619,7
2620,6
2621,6
2622,8
2623,10
2624,8
2625,8
2626,6
2627,7
2628,5
2629,7
2630,9
2631,8
2632,6
2633,9
2634,8
2635,5
2636,4
2637,10
2638,6
2639,7
2640,6
2641,5
2642,3
2643,6
2644,10
2645,10
2646,11
2647,7
2648,5
2649,6
2650,6
2651,7
2652,8
2653,10
2654,5
2655,4
2656,5
2657,6
2658,11
2659,7
2660,7
2661,7
2662,7
2663,5
2664,7
2665,10
2666,9
2667,11
2668,8
2669,13
2670,5
2671,4
2672,8
2673,10
2674,5
2675,7
2676,8
2677,7
2678,4
2679,10
2680,8
2681,8
2682,7
2683,12
2684,7
2685,10
2686,6
2687,8
2688,5
2689,12
2690,8
2691,11
2692,6
2693,9
2694,7
2695,10
2696,7
2697,11
2698,6
2699,7
2700,5
2701,7
2702,11
2703,5
2704,7
2705,6
2706,6
2707,6
2708,6
2709,11
2710,8
2711,7
2712,6
2713,10
2714,8
2715,10
2716,10
2717,6
2718,7
2719,5
2720,9
2721,11
2722,6
2723,9
2724,10
2725,8
2726,5
2727,5
2728,5
2729,2
2730,4
2731,8
2732,8
2733,7
2734,8
2735,10
2736,10
2737,5
2738,10
2739,4
2740,7
2741,6
2742,8
2743,7
2744,9
2745,6
2746,8
2747,11
2748,9
2749,7
2750,9
2751,3
2752,6
2753,7
2754,7
2755,8
2756,2
2757,12
2758,5
2759,6
2760,12
2761,9
2762,9
2763,7
2764,6
2765,7
2766,9
2767,5
2768,3
2769,5
2770,5
2771,9
2772,7
2773,6
2774,7
2775,5
2776,4
2777,8
2778,9
2779,11
2780,12
2781,5
2782,5
2783,7
2784,7
2785,8
2786,6
2787,9
2788,7
2789,12
2790,7
2791,9
2792,7
2793,5
2794,9
2795,6
2796,9
2797,4
2798,8
2799,5
2800,8
2801,7
2802,5
2803,9
2804,12
2805,8
2806,9
2807,8
2808,6
2809,9
2810,3
2811,7
2812,9
2813,7
2814,5
2815,7
2816,5
2817,9
2818,5
2819,7
2820,6
2821,8
2822,8
2823,5
2824,7
2825,7
2826,5
2827,11
2828,11
2829,4
2830,6
2831,10
2832,8
2833,4
2834,6
2835,12
2836,5
2837,9
2838,12
2839,9
2840,10
2841,9
2842,10
2843,8
2844,8
2845,11
2846,8
2847,7
2848,4
2849,8
2850,7
2851,7
2852,7
2853,9
2854,8
2855,10
2856,8
2857,5
2858,4
2859,8
2860,11
2861,9
2862,11
2863,7
2864,8
2865,8
2866,9
2867,7
2868,10
2869,6
2870,4
2871,9
2872,5
2873,7
2874,8
2875,6
2876,10
2877,12
2878,4
2879,8
2880,5
2881,5
2882,11
2883,7
2884,6
2885,7
2886,8
2887,8
2888,11
2889,8
2890,7
2891,7
2892,8
2893,10
2894,7
2895,8
2896,5
2897,13
2898,4
2899,8
2900,7
2901,8
2902,7
2903,5
2904,11
2905,7
2906,9
2907,5
2908,6
2909,5
2910,5
2911,7
2912,5
2913,12
2914,9
2915,10
2916,4
2917,11
2918,7
2919,6
2920,8
2921,6
2922,13
2923,10
2924,2
2925,7
2926,11
2927,6
2928,10
2929,5
2930,8
2931,6
2932,6
2933,8
2934,4
2935,6
2936,7
2937,8
2938,4
2939,8
2940,7
2941,7
2942,6
2943,10
2944,4
2945,10
2946,5
2947,6
2948,3
2949,8
2950,8
2951,7
2952,6
2953,10
2954,10
2955,5
2956,8
2957,12
2958,9
2959,11
2960,9
2961,6
2962,9
2963,7
2964,5
2965,8
2966,3
2967,6
2968,8
2969,5
2970,9
2971,7
2972,5
2973,9
2974,2
2975,2
2976,10
2977,5
2978,7
2979,8
2980,7
2981,6
2982,7
2983,6
2984,5
2985,8
2986,7
2987,7
2988,8
2989,11
2990,7
2991,5
2992,3
2993,8
2994,4
2995,6
2996,7
2997,6
2998,8
2999,5
3000,9
3001,6
3002,8
3003,8
3004,3
3005,11
3006,6
3007,7
3008,7
3009,5
3010,9
3011,6
3012,7
3013,3
3014,8
3015,10
3016,7
3017,9
3018,7
3019,8
3020,9
3021,7
3022,8
3023,6
3024,4
3025,9
3026,7
3027,12
3028,6
3029,13
3030,7
3031,8
3032,9
3033,7
3034,6
3035,5
3036,10
3037,6
3038,4
3039,7
3040,7
3041,12
3042,10
3043,7
3044,7
3045,6
3046,7
3047,6
3048,3
3049,10
3050,7
3051,6
3052,8
3053,8
3054,9
3055,12
3056,6
3057,9
3058,7
3059,9
3060,5
3061,7
3062,6
3063,7
3064,10
3065,9
3066,9
3067,5
3068,10
3069,8
3070,8
3071,7
3072,7
3073,7
3074,11
3075,9
3076,4
3077,8
3078,7
3079,8
3080,8
3081,6
3082,7
3083,9
3084,3
3085,8
3086,10
3087,9
3088,8
3089,5
3090,6
3091,8
3092,11
3093,6
3094,7
3095,7
3096,7
3097,5
3098,7
3099,6
3100,7
3101,7
3102,5
3103,8
3104,7
3105,11
3106,9
3107,7
3108,8
3109,5
3110,6
3111,8
3112,6
3113,6
3114,9
3115,6
3116,3
3117,6
3118,3
3119,6
3120,7
3121,7
3122,5
3123,6
3124,6
3125,7
3126,5
3127,3
3128,7
3129,9
3130,8
3131,5
3132,4
3133,6
3134,7
3135,6
3136,5
3137,3
3138,7
3139,8
3140,10
3141,8
3142,7
3143,7
3144,8
3145,7
3146,7
3147,9
3148,8
3149,7
3150,7
3151,6
3152,8
3153,4
3154,5
3155,6
3156,11
3157,7
3158,7
3159,9
3160,10
3161,5
3162,7
3163,8
3164,5
3165,7
3166,7
3167,6
3168,7
3169,9
3170,9
3171,7
3172,14
3173,7
3174,9
3175,7
3176,7
3177,9
3178,7
3179,10
3180,6
3181,4
3182,5
3183,7
3184,7
3185,7
3186,11
3187,9
3188,7
3189,8
3190,6
3191,6
3192,8
3193,10
3194,5
3195,5
3196,7
3197,8
3198,3
3199,9
3200,6
3201,6
3202,6
3203,4
3204,8
3205,5
3206,12
3207,11
3208,10
3209,6
3210,9
3211,8
3212,10
3213,8
3214,8
3215,6
3216,4
3217,4
3218,11
3219,9
3220,7
3221,6
3222,9
3223,8
3224,7
3225,11
3226,11
3227,8
3228,9
3229,10
3230,10
3231,9
3232,7
3233,8
3234,8
3235,7
3236,6
3237,13
3238,12
3239,4
3240,7
3241,6
3242,6
3243,10
3244,9
3245,7
3246,8
3247,8
3248,4
3249,8
3250,8
3251,8
3252,7
3253,10
3254,6
3255,6
3256,7
3257,6
3258,9
3259,6
3260,7
3261,12
3262,6
3263,8
3264,7
3265,7
3266,6
3267,10
3268,10
3269,7
3270,12
3271,11
3272,7
3273,10
3274,4
3275,5
3276,6
3277,2
3278,6
3279,6
3280,7
3281,11
3282,8
3283,11
3284,7
3285,6
3286,6
3287,8
3288,8
3289,6
3290,2
3291,6
3292,7
3293,8
3294,9
3295,9
3296,5
3297,5
3298,5
3299,8
3300,7
3301,6
3302,7
3303,10
3304,6
3305,6
3306,7
3307,6
3308,11
3309,6
3310,9
3311,6
3312,6
3313,7
3314,6
3315,9
3316,7
3317,4
3318,8
3319,10
3320,8
3321,8
3322,3
3323,8
3324,8
3325,8
3326,7
3327,9
3328,11
3329,9
3330,7
3331,5
3332,7
3333,6
3334,9
3335,6
3336,9
3337,9
3338,8
3339,8
3340,8
3341,6
3342,9
3343,8
3344,6
3345,7
3346,4
3347,11
3348,8
3349,8
3350,6
3351,7
3352,5
3353,5
3354,8
3355,6
3356,7
3357,7
3358,7
3359,6
3360,8
3361,11
3362,7
3363,10
3364,5
3365,5
3366,11
3367,7
3368,10
3369,6
3370,8
3371,6
3372,8
3373,8
3374,9
3375,10
3376,4
3377,6
3378,7
3379,2
3380,5
3381,13
3382,4
3383,7
3384,13
3385,7
3386,8
3387,8
3388,7
3389,6
3390,6
3391,7
3392,8
3393,8
3394,13
3395,3
3396,8
3397,8
3398,9
3399,5
3400,5
3401,4
3402,9
3403,9
3404,8
3405,8
3406,6
3407,4
3408,9
3409,8
3410,5
3411,6
3412,5
3413,9
3414,8
3415,4
3416,5
3417,12
3418,6
3419,7
3420,9
3421,9
3422,9
3423,8
3424,11
3425,7
3426,7
3427,4
3428,5
3429,7
3430,11
3431,3
3432,3
3433,8
3434,8
3435,7
3436,8
3437,14
3438,6
3439,9
3440,8
3441,9
3442,8
3443,9
3444,5
3445,8
3446,7
3447,7
3448,4
3449,6
3450,9
3451,10
3452,4
3453,8
3454,9
3455,8
3456,11
3457,7
3458,6
3459,6
3460,6
3461,5
3462,4
3463,3
3464,8
3465,10
3466,7
3467,4
3468,7
3469,9
3470,7
3471,7
3472,7
3473,12
3474,6
3475,3
3476,8
3477,7
3478,8
3479,6
3480,7
3481,7
3482,5
3483,6
3484,8
3485,9
3486,8
3487,6
3488,8
3489,6
3490,7
3491,9
3492,6
3493,9
3494,6
3495,10
3496,8
3497,9
3498,7
3499,7
3500,10
3501,8
3502,7
3503,4
3504,9
3505,6
3506,7
3507,8
3508,11
3509,9
3510,9
3511,6
3512,6
3513,9
3514,5
3515,5
3516,10
3517,7
3518,9
3519,9
3520,6
3521,8
3522,5
3523,9
3524,5
3525,6
3526,6
3527,9
3528,10
3529,11
3530,9
3531,7
3532,10
3533,11
3534,12
3535,11
3536,11
3537,11
3538,7
3539,7
3540,4
3541,6
3542,7
3543,6
3544,5
3545,5
3546,8
3547,8
3548,4
3549,5
3550,5
3551,8
3552,9
3553,8
3554,5
3555,8
3556,8
3557,8
3558,10
3559,10
3560,11
3561,7
3562,12
3563,8
3564,6
3565,7
3566,7
3567,11
3568,7
3569,6
3570,7
3571,11
3572,9
3573,7
3574,13
3575,6
3576,10
3577,9
3578,6
3579,9
3580,6
3581,6
3582,8
3583,8
3584,9
3585,7
3586,8
3587,7
3588,9
3589,5
3590,6
3591,7
3592,10
3593,6
3594,6
3595,4
3596,8
3597,9
3598,6
3599,5
3600,15
3601,8
3602,6
3603,9
3604,6
3605,6
3606,5
3607,6
3608,7
3609,6
3610,9
3611,7
3612,9
3613,10
3614,6
3615,8
3616,7
3617,5
3618,6
3619,9
3620,7
3621,4
3622,7
3623,3
3624,7
3625,10
3626,6
3627,5
3628,5
3629,8
3630,6
3631,7
3632,9
3633,3
3634,4
3635,8
3636,6
3637,5
3638,6
3639,7
3640,6
3641,11
3642,9
3643,7
3644,7
3645,7
3646,6
3647,3
3648,9
3649,7
3650,10
3651,6
3652,8
3653,9
3654,9
3655,6
3656,4
3657,4
3658,7
3659,8
3660,7
3661,11
3662,7
3663,7
3664,7
3665,8
3666,8
3667,5
3668,8
3669,7
3670,5
3671,7
3672,5
3673,5
3674,5
3675,6
3676,3
3677,12
3678,9
3679,7
3680,9
3681,7
3682,7
3683,7
3684,6
3685,9
3686,14
3687,7
3688,6
3689,8
3690,6
3691,6
3692,8
3693,9
3694,6
3695,8
3696,12
3697,7
3698,6
3699,9
3700,7
3701,8
3702,7
3703,6
3704,5
3705,5
3706,8
3707,2
3708,10
3709,9
3710,9
3711,7
3712,9
3713,7
3714,7
3715,8
3716,9
3717,7
3718,5
3719,8
3720,11
3721,7
3722,11
3723,7
3724,4
3725,5
3726,8
3727,9
3728,5
3729,8
3730,10
3731,9
3732,8
3733,12
3734,6
3735,10
3736,10
3737,7
3738,2
3739,9
3740,5
3741,7
3742,6
3743,4
3744,4
3745,9
3746,10
3747,5
3748,7
3749,7
3750,10
3751,11
3752,6
3753,4
3754,11
3755,9
3756,4
3757,7
3758,6
3759,5
3760,9
3761,9
3762,4
3763,10
3764,9
3765,5
3766,5
3767,8
3768,5
3769,6
3770,11
3771,6
3772,6
3773,5
3774,6
3775,13
3776,7
3777,10
3778,7
3779,7
3780,7
3781,6
3782,9
3783,6
3784,6
3785,7
3786,8
3787,5
3788,6
3789,10
3790,3
3791,7
3792,4
3793,6
3794,7
3795,8
3796,8
3797,6
3798,6
3799,5
3800,6
3801,8
3802,5
3803,4
3804,6
3805,11
3806,5
3807,9
3808,5
3809,6
3810,7
3811,10
3812,7
3813,5
3814,12
3815,5
3816,9
3817,7
3818,6
3819,3
3820,7
3821,12
3822,8
3823,9
3824,8
3825,5
3826,11
3827,5
3828,9
3829,7
3830,9
3831,5
3832,9
3833,8
3834,10
3835,4
3836,8
3837,6
3838,7
3839,4
3840,9
3841,12
3842,9
3843,5
3844,7
3845,9
3846,8
3847,4
3848,7
3849,9
3850,7
3851,5
3852,5
3853,7
3854,6
3855,7
3856,4
3857,6
3858,5
3859,5
3860,9
3861,4
3862,3
3863,4
3864,8
3865,6
3866,5
3867,10
3868,8
3869,6
3870,10
3871,4
3872,5
3873,5
3874,3
3875,7
3876,4
3877,8
3878,9
3879,11
3880,9
3881,7
3882,4
3883,7
3884,6
3885,4
3886,7
3887,6
3888,8
3889,12
3890,9
3891,6
3892,8
3893,10
3894,7
3895,4
3896,10
3897,8
3898,9
3899,7
3900,7
3901,8
3902,10
3903,9
3904,8
3905,8
3906,7
3907,7
3908,10
3909,10
3910,6
3911,7
3912,5
3913,6
3914,8
3915,7
3916,11
3917,9
3918,10
3919,7
3920,8
3921,7
3922,8
3923,6
3924,11
3925,8
3926,4
3927,9
3928,15
3929,7
3930,4
3931,7
3932,8
3933,8
3934,9
3935,9
3936,5
3937,9
3938,8
3939,8
3940,6
3941,5
3942,6
3943,4
3944,9
3945,11
3946,4
3947,8
3948,7
3949,10
3950,7
3951,4
3952,6
3953,5
3954,10
3955,6
3956,9
3957,8
3958,10
3959,7
3960,3
3961,6
3962,7
3963,8
3964,5
3965,5
3966,7
3967,12
3968,6
3969,9
3970,7
3971,7
3972,4
3973,7
3974,10
3975,3
3976,7
3977,8
3978,7
3979,9
3980,10
3981,5
3982,6
3983,4
3984,8
3985,5
3986,7
3987,6
3988,4
3989,4
3990,9
3991,11
3992,9
3993,6
3994,5
3995,7
3996,7
3997,7
3998,8
3999,7
4000,6
4001,7
4002,6
4003,7
4004,7
4005,9
4006,5
4007,9
4008,6
4009,5
4010,7
4011,10
4012,7
4013,8
4014,5
4015,10
4016,10
4017,12
4018,9
4019,9
4020,7
4021,7
4022,10
4023,10
4024,5
4025,8
4026,8
4027,12
4028,5
4029,4
4030,7
4031,6
4032,10
4033,10
4034,6
4035,7
4036,9
4037,6
4038,8
4039,8
4040,9
4041,7
4042,4
4043,4
4044,6
4045,6
4046,7
4047,4
4048,7
4049,7
4050,9
4051,8
4052,6
4053,12
4054,10
4055,6
4056,8
4057,9
4058,6
4059,10
4060,10
4061,5
4062,9
4063,8
4064,4
4065,10
4066,7
4067,6
4068,5
4069,8
4070,5
4071,5
4072,11
4073,10
4074,4
4075,9
4076,6
4077,5
4078,7
4079,8
4080,9
4081,9
4082,7
4083,11
4084,7
4085,6
4086,8
4087,3
4088,6
4089,4
4090,10
4091,7
4092,4
4093,5
4094,6
4095,10
4096,8
4097,11
4098,10
4099,4
4100,6
4101,7
4102,5
4103,8
4104,7
4105,7
4106,5
4107,4
4108,10
4109,9
4110,8
4111,5
4112,7
4113,9
4114,6
4115,7
4116,5
4117,7
4118,5
4119,5
4120,9
4121,7
4122,8
4123,7
4124,9
4125,6
4126,11
4127,11
4128,8
4129,5
4130,9
4131,8
4132,10
4133,9
4134,8
4135,8
4136,6
4137,7
4138,7
4139,9
4140,8
4141,4
4142,5
4143,11
4144,7
4145,8
4146,3
4147,8
4148,9
4149,9
4150,5
4151,8
4152,9
4153,3
4154,10
4155,8
4156,8
4157,11
4158,6
4159,9
4160,8
4161,12
4162,6
4163,6
4164,7
4165,14
4166,11
4167,8
4168,10
4169,7
4170,10
4171,9
4172,5
4173,9
4174,8
4175,9
4176,11
4177,7
4178,6
4179,9
4180,7
4181,12
4182,6
4183,7
4184,7
4185,7
4186,6
4187,7
4188,10
4189,4
4190,6
4191,10
4192,8
4193,5
4194,6
4195,5
4196,4
4197,5
4198,7
4199,7
4200,8
4201,7
4202,4
4203,8
4204,5
4205,4
4206,6
4207,7
4208,4
4209,10
4210,5
4211,7
4212,6
4213,6
4214,9
4215,6
4216,6
4217,8
4218,7
4219,8
4220,3
4221,8
4222,7
4223,10
4224,10
4225,7
4226,6
4227,7
4228,6
4229,11
4230,4
4231,5
4232,10
4233,6
4234,9
4235,11
4236,7
4237,7
4238,13
4239,6
4240,9
4241,7
4242,9
4243,5
4244,7
4245,9
4246,5
4247,4
4248,5
4249,6
4250,12
4251,8
4252,6
4253,9
4254,6
4255,7
4256,6
4257,7
4258,9
4259,8
4260,11
4261,4
4262,9
4263,4
4264,4
4265,5
4266,6
4267,8
4268,11
4269,4
4270,5
4271,7
4272,12
4273,7
4274,7
4275,5
4276,11
4277,4
4278,8
4279,9
4280,8
4281,7
4282,6
4283,9
4284,5
4285,10
4286,7
4287,13
4288,9
4289,5
4290,4
4291,5
4292,6
4293,10
4294,10
4295,7
4296,9
4297,6
4298,6
4299,6
4300,7
4301,6
4302,11
4303,11
4304,5
4305,5
4306,7
4307,7
4308,4
4309,6
4310,10
4311,9
4312,6
4313,5
4314,5
4315,8
4316,5
4317,5
4318,5
4319,5
4320,6
4321,7
4322,4
4323,8
4324,4
4325,3
4326,6
4327,11
4328,12
4329,4
4330,4
4331,3
4332,2
4333,10
4334,9
4335,11
4336,7
4337,7
4338,9
4339,7
4340,7
4341,7
4342,6
4343,8
4344,10
4345,8
4346,6
4347,8
4348,11
4349,10
4350,3
4351,6
4352,7
4353,4
4354,5
4355,9
4356,10
4357,10
4358,9
4359,8
4360,8
4361,3
4362,11
4363,10
4364,8
4365,7
4366,9
4367,8
4368,5
4369,8
4370,6
4371,11
4372,9
4373,10
4374,6
4375,4
4376,9
4377,9
4378,5
4379,6
4380,5
4381,9
4382,4
4383,5
4384,7
4385,8
4386,7
4387,10
4388,11
4389,7
4390,7
4391,7
4392,5
4393,6
4394,5
4395,8
4396,7
4397,9
4398,8
4399,12
4400,5
4401,11
4402,7
4403,10
4404,6
4405,8
4406,5
4407,7
4408,6
4409,8
4410,5
4411,5
4412,5
4413,6
4414,6
4415,9
4416,4
4417,5
4418,5
4419,7
4420,9
4421,10
4422,8
4423,5
4424,10
4425,6
4426,3
4427,11
4428,6
4429,6
4430,11
4431,10
4432,11
4433,5
4434,5
4435,8
4436,8
4437,8
4438,9
4439,6
4440,11
4441,6
4442,9
4443,7
4444,7
4445,2
4446,9
4447,10
4448,3
4449,5
4450,6
4451,6
4452,8
4453,3
4454,7
4455,6
4456,5
4457,6
4458,5
4459,12
4460,2
4461,5
4462,5
4463,7
4464,6
4465,7
4466,7
4467,7
4468,5
4469,4
4470,8
4471,5
4472,9
4473,10
4474,7
4475,8
4476,7
4477,7
4478,5
4479,4
4480,7
4481,6
4482,7
4483,6
4484,6
4485,7
4486,9
4487,7
4488,8
4489,10
4490,9
4491,8
4492,5
4493,4
4494,7
4495,7
4496,8
4497,8
4498,6
4499,5
4500,9
4501,9
4502,6
4503,8
4504,8
4505,7
4506,4
4507,5
4508,6
4509,10
4510,8
4511,5
4512,8
4513,6
4514,13
4515,7
4516,7
4517,5
4518,5
4519,11
4520,9
4521,10
4522,9
4523,3
4524,5
4525,7
4526,7
4527,6
4528,6
4529,8
4530,7
4531,7
4532,7
4533,10
4534,3
4535,4
4536,11
4537,9
4538,7
4539,6
4540,10
4541,10
4542,5
4543,5
4544,10
4545,8
4546,6
4547,10
4548,7
4549,11
4550,5
4551,11
4552,8
4553,7
4554,9
4555,8
4556,7
4557,6
4558,7
4559,10
4560,8
4561,3
4562,6
4563,7
4564,9
4565,7
4566,7
4567,8
4568,8
4569,6
4570,6
4571,7
4572,7
4573,8
4574,6
4575,4
4576,5
4577,6
4578,5
4579,9
4580,11
4581,8
4582,7
4583,10
4584,5
4585,13
4586,7
4587,11
4588,8
4589,7
4590,5
4591,8
4592,10
4593,6
4594,7
4595,8
4596,8
4597,7
4598,9
4599,4
4600,9
4601,5
4602,5
4603,8
4604,4
4605,5
4606,6
4607,11
4608,5
4609,6
4610,4
4611,12
4612,7
4613,6
4614,4
4615,6
4616,10
4617,6
4618,7
4619,3
4620,6
4621,8
4622,11
4623,14
4624,9
4625,8
4626,10
4627,8
4628,9
4629,7
4630,13
4631,8
4632,7
4633,7
4634,6
4635,9
4636,5
4637,15
4638,6
4639,9
4640,8
4641,8
4642,8
4643,6
4644,9
4645,7
4646,8
4647,9
4648,8
4649,8
4650,6
4651,7
4652,11
4653,9
4654,9
4655,7
4656,9
4657,9
4658,5
4659,4
4660,6
4661,4
4662,4
4663,7
4664,9
4665,6
4666,10
4667,10
4668,8
4669,5
4670,5
4671,10
4672,9
4673,6
4674,5
4675,8
4676,9
4677,9
4678,8
4679,7
4680,10
4681,5
4682,7
4683,5
4684,6
4685,6
4686,5
4687,7
4688,5
4689,10
4690,9
4691,6
4692,9
4693,7
4694,9
4695,4
4696,9
4697,6
4698,5
4699,6
4700,9
4701,6
4702,5
4703,10
4704,8
4705,4
4706,8
4707,4
4708,8
4709,7
4710,8
4711,9
4712,8
4713,9
4714,8
4715,9
4716,4
4717,6
4718,8
4719,10
4720,12
4721,10
4722,5
4723,9
4724,11
4725,7
4726,6
4727,7
4728,7
4729,4
4730,6
4731,5
4732,7
4733,6
4734,9
4735,6
4736,5
4737,8
4738,6
4739,6
4740,9
4741,8
4742,8
4743,12
4744,6
4745,9
4746,4
4747,10
4748,5
4749,7
4750,8
4751,8
4752,8
4753,9
4754,7
4755,11
4756,9
4757,9
4758,9
4759,7
4760,5
4761,9
4762,5
4763,9
4764,10
4765,6
4766,9
4767,10
4768,8
4769,8
4770,9
4771,9
4772,7
4773,8
4774,4
4775,6
4776,7
4777,9
4778,10
4779,9
4780,10
4781,5
4782,7
4783,5
4784,10
4785,8
4786,11
4787,10
4788,6
4789,9
4790,8
4791,6
4792,6
4793,8
4794,4
4795,6
4796,4
4797,8
4798,6
4799,5
4800,9
4801,14
4802,9
4803,9
4804,4
4805,9
4806,4
4807,8
4808,12
4809,7
4810,4
4811,7
4812,15
4813,5
4814,8
4815,9
4816,9
4817,7
4818,8
4819,8
4820,9
4821,11
4822,6
4823,5
4824,10
4825,7
4826,6
4827,8
4828,8
4829,6
4830,7
4831,6
4832,7
4833,10
4834,7
4835,6
4836,5
4837,10
4838,7
4839,9
4840,7
4841,6
4842,7
4843,5
4844,8
4845,10
4846,5
4847,3
4848,7
4849,8
4850,11
4851,5
4852,8
4853,9
4854,6
4855,5
4856,3
4857,6
4858,13
4859,10
4860,4
4861,8
4862,12
4863,9
4864,7
4865,10
4866,12
4867,6
4868,6
4869,9
4870,10
4871,7
4872,3
4873,7
4874,11
4875,6
4876,10
4877,8
4878,7
4879,11
4880,7
4881,8
4882,9
4883,6
4884,8
4885,8
4886,5
4887,9
4888,10
4889,8
4890,6
4891,9
4892,5
4893,5
4894,5
4895,7
4896,9
4897,7
4898,7
4899,7
4900,7
4901,11
4902,5
4903,11
4904,5
4905,3
4906,3
4907,5
4908,12
4909,6
4910,11
4911,9
4912,7
4913,12
4914,5
4915,6
4916,9
4917,6
4918,8
4919,7
4920,4
4921,10
4922,10
4923,10
4924,10
4925,8
4926,5
4927,8
4928,10
4929,11
4930,4
4931,7
4932,13
4933,7
4934,12
4935,8
4936,8
4937,9
4938,8
4939,13
4940,9
4941,6
4942,5
4943,10
4944,7
4945,8
4946,15
4947,7
4948,9
4949,5
4950,8
4951,6
4952,6
4953,10
4954,8
4955,7
4956,7
4957,8
4958,6
4959,5
4960,11
4961,10
4962,5
4963,7
4964,6
4965,8
4966,5
4967,5
4968,10
4969,12
4970,6
4971,7
4972,6
4973,4
4974,6
4975,9
4976,12
4977,8
4978,8
4979,4
4980,7
4981,6
4982,11
4983,10
4984,3
4985,1
4986,4
4987,6
4988,4
4989,10
4990,8
4991,9
4992,6
4993,8
4994,7
4995,9
4996,7
4997,10
4998,8
4999,8
5000,6
5001,6
5002,10
5003,3
5004,7
5005,7
5006,9
5007,10
5008,11
5009,6
5010,7
5011,5
5012,6
5013,6
5014,9
5015,8
5016,4
5017,2
5018,9
5019,10
5020,10
5021,7
5022,8
5023,8
5024,7
5025,7
5026,9
5027,7
5028,2
5029,7
5030,7
5031,4
5032,6
5033,5
5034,6
5035,6
5036,10
5037,6
5038,10
5039,8
5040,9
5041,6
5042,4
5043,7
5044,7
5045,8
5046,8
5047,6
5048,6
5049,10
5050,6
5051,9
5052,10
5053,3
5054,4
5055,11
5056,4
5057,7
5058,9
5059,10
5060,8
5061,7
5062,7
5063,8
5064,7
5065,4
5066,10
5067,14
5068,5
5069,8
5070,7
5071,6
5072,6
5073,10
5074,8
5075,7
5076,11
5077,10
5078,4
5079,9
5080,6
5081,4
5082,14
5083,7
5084,10
5085,9
5086,9
5087,3
5088,9
5089,7
5090,5
5091,5
5092,11
5093,6
5094,9
5095,9
5096,7
5097,10
5098,9
5099,8
5100,6
5101,9
5102,6
5103,7
5104,8
5105,7
5106,7
5107,10
5108,7
5109,6
5110,7
5111,5
5112,9
5113,5
5114,4
5115,8
5116,5
5117,5
5118,6
5119,8
5120,11
5121,10
5122,9
5123,10
5124,7
5125,7
5126,8
5127,7
5128,5
5129,7
5130,7
5131,8
5132,6
5133,7
5134,6
5135,5
5136,10
5137,6
5138,9
5139,7
5140,8
5141,6
5142,6
5143,8
5144,8
5145,6
5146,10
5147,9
5148,7
5149,7
5150,7
5151,9
5152,5
5153,5
5154,5
5155,6
5156,6
5157,9
5158,5
5159,6
5160,9
5161,7
5162,12
5163,5
5164,7
5165,5
5166,5
5167,4
5168,6
5169,10
5170,8
5171,8
5172,7
5173,13
5174,7
5175,10
5176,6
5177,6
5178,8
5179,6
5180,6
5181,9
5182,11
5183,5
5184,9
5185,9
5186,8
5187,6
5188,7
5189,8
5190,9
5191,6
5192,4
5193,10
5194,8
5195,8
5196,8
5197,10
5198,7
5199,9
5200,10
5201,7
5202,5
5203,7
5204,9
5205,11
5206,6
5207,6
5208,10
5209,15
5210,9
5211,11
5212,7
5213,9
5214,8
5215,9
5216,5
5217,8
5218,6
5219,4
5220,6
5221,10
5222,11
5223,13
5224,9
5225,7
5226,5
5227,10
5228,7
5229,10
5230,6
5231,10
5232,8
5233,7
5234,10
5235,8
5236,10
5237,7
5238,6
5239,6
5240,7
5241,10
5242,6
5243,15
5244,8
5245,6
5246,9
5247,10
5248,6
5249,5
5250,6
5251,9
5252,6
5253,4
5254,9
5255,9
5256,7
5257,9
5258,11
5259,11
5260,7
5261,12
5262,10
5263,4
5264,9
5265,8
5266,8
5267,8
5268,8
5269,8
5270,4
5271,5
5272,7
5273,6
5274,8
5275,9
5276,8
5277,7
5278,11
5279,7
5280,4
5281,11
5282,2
5283,7
5284,9
5285,4
5286,5
5287,10
5288,7
5289,8
5290,3
5291,3
5292,5
5293,8
5294,5
5295,6
5296,7
5297,10
5298,7
5299,10
5300,11
5301,9
5302,10
5303,7
5304,3
5305,6
5306,10
5307,10
5308,4
5309,9
5310,7
5311,13
5312,6
5313,8
5314,8
5315,6
5316,3
5317,4
5318,8
5319,7
5320,10
5321,5
5322,10
5323,5
5324,10
5325,7
5326,8
5327,9
5328,8
5329,7
5330,6
5331,5
5332,7
5333,10
5334,10
5335,8
5336,8
5337,10
5338,6
5339,8
5340,11
5341,8
5342,3
5343,7
5344,8
5345,11
5346,5
5347,6
5348,6
5349,8
5350,13
5351,5
5352,3
5353,4
5354,7
5355,7
5356,4
5357,5
5358,6
5359,3
5360,8
5361,7
5362,8
5363,4
5364,5
5365,8
5366,7
5367,11
5368,11
5369,7
5370,9
5371,4
5372,4
5373,8
5374,7
5375,11
5376,5
5377,8
5378,4
5379,9
5380,5
5381,10
5382,7
5383,9
5384,9
5385,12
5386,8
5387,5
5388,8
5389,7
5390,6
5391,9
5392,6
5393,9
5394,13
5395,9
5396,5
5397,6
5398,5
5399,9
5400,10
5401,12
5402,11
5403,6
5404,6
5405,7
5406,8
5407,10
5408,9
5409,6
5410,7
5411,7
5412,8
5413,6
5414,6
5415,9
5416,5
5417,8
5418,12
5419,10
5420,9
5421,6
5422,7
5423,12
5424,6
5425,6
5426,5
5427,6
5428,6
5429,9
5430,9
5431,10
5432,6
5433,4
5434,5
5435,6
5436,8
5437,5
5438,6
5439,8
5440,8
5441,5
5442,8
5443,8
5444,11
5445,6
5446,5
5447,10
5448,8
5449,7
5450,7
5451,9
5452,5
5453,4
5454,9
5455,5
5456,6
5457,5
5458,5
5459,13
5460,7
5461,9
5462,7
5463,8
5464,13
5465,5
5466,4
5467,7
5468,7
5469,9
5470,11
5471,8
5472,7
5473,9
5474,3
5475,7
5476,11
5477,11
5478,6
5479,7
5480,7
5481,7
5482,7
5483,7
5484,7
5485,8
5486,7
5487,7
5488,9
5489,8
5490,7
5491,5
5492,7
5493,9
5494,4
5495,4
5496,7
5497,7
5498,4
5499,6
5500,5
5501,10
5502,4
5503,2
5504,9
5505,3
5506,8
5507,7
5508,5
5509,4
5510,7
5511,7
5512,9
5513,10
5514,10
5515,5
5516,9
5517,7
5518,9
5519,6
5520,7
5521,8
5522,7
5523,9
5524,10
5525,6
5526,7
5527,6
5528,9
5529,10
5530,6
5531,7
5532,13
5533,7
5534,6
5535,7
5536,10
5537,4
5538,9
5539,4
5540,5
5541,8
5542,6
5543,6
5544,9
5545,9
5546,11
5547,7
5548,8
5549,4
5550,7
5551,8
5552,5
5553,6
5554,10
5555,9
5556,6
5557,6
5558,5
5559,13
5560,5
5561,8
5562,6
5563,7
5564,9
5565,10
5566,7
5567,7
5568,6
5569,7
5570,6
5571,7
5572,9
5573,5
5574,6
5575,3
5576,3
5577,10
5578,5
5579,8
5580,6
5581,11
5582,6
5583,9
5584,11
5585,3
5586,7
5587,7
5588,8
5589,8
5590,9
5591,7
5592,10
5593,9
5594,5
5595,8
5596,10
5597,8
5598,9
5599,6
5600,6
5601,7
5602,8
5603,9
5604,11
5605,7
5606,7
5607,10
5608,7
5609,6
5610,6
5611,11
5612,5
5613,6
5614,9
5615,8
5616,6
5617,5
5618,6
5619,4
5620,6
5621,7
5622,4
5623,8
5624,6
5625,5
5626,8
5627,6
5628,6
5629,5
5630,6
5631,5
5632,6
5633,4
5634,8
5635,8
5636,4
5637,4
5638,6
5639,11
5640,5
5641,5
5642,11
5643,5
5644,4
5645,8
5646,7
5647,10
5648,12
5649,9
5650,7
5651,8
5652,6
5653,8
5654,7
5655,8
5656,8
5657,6
5658,7
5659,9
5660,10
5661,8
5662,8
5663,7
5664,4
5665,10
5666,8
5667,5
5668,8
5669,3
5670,3
5671,8
5672,4
5673,6
5674,6
5675,6
5676,10
5677,8
5678,5
5679,12
5680,3
5681,6
5682,7
5683,6
5684,7
5685,9
5686,8
5687,10
5688,8
5689,9
5690,7
5691,3
5692,9
5693,7
5694,9
5695,12
5696,7
5697,11
5698,10
5699,5
5700,5
5701,8
5702,5
5703,6
5704,6
5705,9
5706,6
5707,5
5708,9
5709,8
5710,11
5711,3
5712,8
5713,12
5714,8
5715,8
5716,8
5717,8
5718,5
5719,4
5720,8
5721,7
5722,4
5723,6
5724,6
5725,6
5726,4
5727,6
5728,9
5729,7
5730,8
5731,8
5732,5
5733,7
5734,8
5735,8
5736,8
5737,6
5738,9
5739,9
5740,8
5741,9
5742,8
5743,9
5744,11
5745,10
5746,9
5747,11
5748,10
5749,5
5750,6
5751,5
5752,6
5753,9
5754,7
5755,10
5756,7
5757,3
5758,8
5759,8
5760,6
5761,8
5762,8
5763,8
5764,11
5765,7
5766,3
5767,8
5768,11
5769,9
5770,8
5771,10
5772,9
5773,6
5774,6
5775,6
5776,8
5777,7
5778,7
5779,9
5780,8
5781,8
5782,7
5783,8
5784,9
5785,7
5786,2
5787,7
5788,8
5789,13
5790,8
5791,5
5792,6
5793,9
5794,6
5795,3
5796,5
5797,10
5798,7
5799,8
5800,6
5801,4
5802,8
5803,6
5804,6
5805,7
5806,3
5807,7
5808,6
5809,7
5810,11
5811,9
5812,6
5813,5
5814,5
5815,8
5816,7
5817,9
5818,10
5819,7
5820,7
5821,5
5822,5
5823,7
5824,10
5825,2
5826,6
5827,8
5828,4
5829,9
5830,11
5831,9
5832,8
5833,6
5834,9
5835,8
5836,8
5837,7
5838,11
5839,4
5840,10
5841,6
5842,10
5843,7
5844,6
5845,8
5846,7
5847,8
5848,9
5849,8
5850,6
5851,6
5852,5
5853,4
5854,6
5855,6
5856,7
5857,6
5858,11
5859,11
5860,4
5861,9
5862,6
5863,6
5864,7
5865,5
5866,7
5867,4
5868,7
5869,10
5870,8
5871,6
5872,6
5873,6
5874,7
5875,6
5876,8
5877,12
5878,10
5879,6
5880,15
5881,8
5882,6
5883,11
5884,15
5885,6
5886,10
5887,7
5888,8
5889,9
5890,8
5891,11
5892,5
5893,10
5894,9
5895,7
5896,5
5897,7
5898,8
5899,9
5900,7
5901,6
5902,9
5903,5
5904,7
5905,8
5906,8
5907,9
5908,6
5909,7
5910,8
5911,6
5912,7
5913,8
5914,9
5915,8
5916,5
5917,8
5918,7
5919,6
5920,7
5921,7
5922,4
5923,6
5924,9
5925,7
5926,6
5927,9
5928,9
5929,5
5930,11
5931,14
5932,9
5933,4
5934,7
5935,7
5936,5
5937,6
5938,12
5939,5
5940,7
5941,9
5942,8
5943,5
5944,6
5945,9
5946,7
5947,5
5948,4
5949,7
5950,5
5951,6
5952,4
5953,5
5954,5
5955,10
5956,9
5957,8
5958,7
5959,5
5960,7
5961,7
5962,7
5963,12
5964,8
5965,9
5966,6
5967,7
5968,10
5969,7
5970,13
5971,10
5972,11
5973,10
5974,5
5975,10
5976,5
5977,6
5978,9
5979,8
5980,9
5981,6
5982,7
5983,7
5984,7
5985,8
5986,6
5987,7
5988,8
5989,9
5990,7
5991,7
5992,9
5993,6
5994,9
5995,6
5996,8
5997,6
5998,8
5999,8
6000,10
6001,6
6002,6
6003,5
6004,6
6005,4
6006,7
6007,6
6008,4
6009,8
6010,4
6011,6
6012,8
6013,10
6014,6
6015,10
6016,5
6017,10
6018,7
6019,11
6020,8
6021,8
6022,7
6023,10
6024,6
6025,3
6026,7
6027,5
6028,10
6029,9
6030,9
6031,5
6032,8
6033,6
6034,7
6035,5
6036,8
6037,7
6038,7
6039,8
6040,7
6041,8
6042,6
6043,8
6044,8
6045,8
6046,7
6047,6
6048,12
6049,7
6050,8
6051,9
6052,6
6053,7
6054,6
6055,6
6056,6
6057,8
6058,7
6059,9
6060,8
6061,6
6062,9
6063,9
6064,5
6065,9
6066,4
6067,8
6068,6
6069,9
6070,6
6071,8
6072,9
6073,7
6074,6
6075,9
6076,7
6077,5
6078,9
6079,7
6080,8
6081,11
6082,12
6083,9
6084,8
6085,6
6086,7
6087,10
6088,9
6089,7
6090,10
6091,11
6092,7
6093,8
6094,5
6095,8
6096,9
6097,8
6098,5
6099,5
6100,6
6101,6
6102,10
6103,4
6104,4
6105,8
6106,6
6107,7
6108,6
6109,8
6110,6
6111,8
6112,6
6113,9
6114,6
6115,9
6116,10
6117,8
6118,7
6119,6
6120,11
6121,11
6122,5
6123,9
6124,8
6125,4
6126,5
6127,8
6128,7
6129,6
6130,8
6131,6
6132,6
6133,5
6134,7
6135,11
6136,9
6137,9
6138,8
6139,8
6140,4
6141,6
6142,7
6143,10
6144,9
6145,15
6146,5
6147,9
6148,8
6149,6
6150,11
6151,6
6152,9
6153,4
6154,9
6155,7
6156,9
6157,3
6158,6
6159,7
6160,5
6161,7
6162,6
6163,5
6164,5
6165,8
6166,7
6167,8
6168,6
6169,9
6170,10
6171,10
6172,5
6173,4
6174,8
6175,8
6176,10
6177,6
6178,7
6179,10
6180,8
6181,12
6182,7
6183,8
6184,7
6185,9
6186,6
6187,11
6188,8
6189,7
6190,7
6191,9
6192,8
6193,4
6194,3
6195,5
6196,7
6197,11
6198,4
6199,7
6200,7
6201,5
6202,9
6203,6
6204,6
6205,4
6206,7
6207,7
6208,7
6209,6
6210,10
6211,9
6212,8
6213,7
6214,5
6215,5
6216,4
6217,9
6218,12
6219,9
6220,6
6221,9
6222,10
6223,6
6224,9
6225,9
6226,11
6227,7
6228,4
6229,10
6230,6
6231,8
6232,8
6233,9
6234,11
6235,8
6236,11
6237,6
6238,5
6239,7
6240,7
6241,4
6242,9
6243,6
6244,8
6245,8
6246,8
6247,7
6248,6
6249,10
6250,10
6251,8
6252,5
6253,9
6254,5
6255,9
6256,7
6257,9
6258,8
6259,10
6260,9
6261,7
6262,10
6263,9
6264,11
6265,5
6266,8
6267,9
6268,7
6269,7
6270,7
6271,6
6272,7
6273,5
6274,9
6275,9
6276,8
6277,3
6278,10
6279,8
6280,7
6281,12
6282,5
6283,6
6284,10
6285,6
6286,7
6287,7
6288,8
6289,9
6290,6
6291,8
6292,4
6293,8
6294,10
6295,3
6296,10
6297,7
6298,7
6299,7
6300,8
6301,6
6302,8
6303,9
6304,9
6305,9
6306,9
6307,9
6308,7
6309,6
6310,8
6311,5
6312,8
6313,9
6314,5
6315,12
6316,4
6317,7
6318,6
6319,7
6320,10
6321,8
6322,8
6323,6
6324,8
6325,5
6326,11
6327,7
6328,7
6329,5
6330,7
6331,10
6332,6
6333,6
6334,10
6335,6
6336,7
6337,6
6338,6
6339,7
6340,8
6341,4
6342,9
6343,8
6344,8
6345,7
6346,8
6347,7
6348,5
6349,2
6350,8
6351,7
6352,6
6353,8
6354,7
6355,9
6356,8
6357,8
6358,8
6359,10
6360,5
6361,8
6362,10
6363,8
6364,7
6365,11
6366,11
6367,8
6368,9
6369,5
6370,10
6371,7
6372,8
6373,10
6374,12
6375,11
6376,9
6377,8
6378,5
6379,5
6380,2
6381,5
6382,8
6383,5
6384,9
6385,10
6386,8
6387,8
6388,6
6389,6
6390,6
6391,7
6392,7
6393,9
6394,7
6395,6
6396,6
6397,6
6398,7
6399,8
6400,7
6401,8
6402,7
6403,9
6404,9
6405,8
6406,6
6407,5
6408,8
6409,10
6410,9
6411,7
6412,11
6413,6
6414,7
6415,8
6416,11
6417,7
6418,9
6419,7
6420,10
6421,10
6422,8
6423,8
6424,8
6425,7
6426,6
6427,7
6428,8
6429,8
6430,7
6431,5
6432,10
6433,6
6434,3
6435,8
6436,9
6437,7
6438,6
6439,7
6440,6
6441,9
6442,8
6443,6
6444,3
6445,8
6446,8
6447,6
6448,8
6449,9
6450,8
6451,7
6452,7
6453,7
6454,9
6455,10
6456,6
6457,6
6458,9
6459,6
6460,8
6461,9
6462,4
6463,3
6464,10
6465,10
6466,7
6467,7
6468,8
6469,9
6470,6
6471,6
6472,7
6473,10
6474,5
6475,6
6476,9
6477,11
6478,8
6479,9
6480,8
6481,9
6482,8
6483,9
6484,9
6485,6
6486,12
6487,11
6488,4
6489,6
6490,7
6491,7
6492,7
6493,10
6494,12
6495,6
6496,5
6497,3
6498,4
6499,10
6500,7
6501,6
6502,5
6503,6
6504,7
6505,4
6506,9
6507,7
6508,10
6509,10
6510,7
6511,5
6512,6
6513,15
6514,8
6515,6
6516,8
6517,6
6518,5
6519,8
6520,8
6521,6
6522,6
6523,7
6524,6
6525,7
6526,8
6527,5
6528,6
6529,6
6530,5
6531,9
6532,8
6533,10
6534,8
6535,7
6536,5
6537,10
6538,8
6539,7
6540,6
6541,8
6542,5
6543,9
6544,5
6545,5
6546,10
6547,8
6548,7
6549,5
6550,7
6551,9
6552,8
6553,7
6554,7
6555,8
6556,7
6557,5
6558,10
6559,7
6560,5
6561,9
6562,5
6563,11
6564,7
6565,5
6566,6
6567,6
6568,5
6569,7
6570,8
6571,11
6572,7
6573,9
6574,7
6575,12
6576,8
6577,9
6578,8
6579,4
6580,7
6581,5
6582,8
6583,10
6584,7
6585,10
6586,5
6587,5
6588,8
6589,9
6590,12
6591,6
6592,7
6593,4
6594,7
6595,8
6596,9
6597,9
6598,12
6599,11
6600,6
6601,10
6602,4
6603,10
6604,7
6605,11
6606,4
6607,9
6608,6
6609,9
6610,5
6611,4
6612,7
6613,2
6614,9
6615,7
6616,9
6617,9
6618,6
6619,14
6620,8
6621,4
6622,8
6623,10
6624,10
6625,8
6626,4
6627,7
6628,9
6629,4
6630,6
6631,6
6632,11
6633,5
6634,6
6635,7
6636,8
6637,10
6638,8
6639,8
6640,4
6641,9
6642,5
6643,9
6644,8
6645,8
6646,9
6647,4
6648,9
6649,6
6650,7
6651,6
6652,9
6653,6
6654,7
6655,4
6656,10
6657,7
6658,3
6659,9
6660,3
6661,5
6662,7
6663,13
6664,6
6665,6
6666,9
6667,7
6668,7
6669,8
6670,9
6671,8
6672,7
6673,7
6674,8
6675,5
6676,9
6677,12
6678,3
6679,9
6680,9
6681,4
6682,11
6683,6
6684,7
6685,10
6686,6
6687,8
6688,7
6689,7
6690,7
6691,9
6692,7
6693,5
6694,6
6695,7
6696,10
6697,8
6698,5
6699,9
6700,6
6701,5
6702,9
6703,6
6704,6
6705,4
6706,7
6707,9
6708,7
6709,7
6710,7
6711,5
6712,8
6713,6
6714,9
6715,4
6716,12
6717,4
6718,4
6719,5
6720,11
6721,7
6722,6
6723,8
6724,6
6725,5
6726,6
6727,7
6728,8
6729,8
6730,3
6731,7
6732,5
6733,5
6734,8
6735,8
6736,11
6737,8
6738,8
6739,8
6740,9
6741,12
6742,6
6743,8
6744,10
6745,5
6746,6
6747,5
6748,9
6749,10
6750,9
6751,6
6752,7
6753,8
6754,8
6755,9
6756,7
6757,10
6758,4
6759,4
6760,9
6761,8
6762,4
6763,12
6764,8
6765,9
6766,7
6767,10
6768,7
6769,7
6770,7
6771,12
6772,9
6773,8
6774,5
6775,6
6776,8
6777,5
6778,8
6779,8
6780,8
6781,7
6782,4
6783,6
6784,6
6785,5
6786,5
6787,10
6788,6
6789,6
6790,6
6791,8
6792,8
6793,10
6794,3
6795,8
6796,6
6797,8
6798,4
6799,5
6800,9
6801,8
6802,10
6803,7
6804,6
6805,7
6806,8
6807,5
6808,8
6809,7
6810,3
6811,6
6812,7
6813,7
6814,8
6815,12
6816,7
6817,5
6818,5
6819,8
6820,5
6821,7
6822,6
6823,5
6824,10
6825,4
6826,10
6827,5
6828,7
6829,8
6830,4
6831,6
6832,9
6833,6
6834,8
6835,4
6836,8
6837,6
6838,5
6839,6
6840,8
6841,9
6842,9
6843,7
6844,4
6845,4
6846,6
6847,5
6848,9
6849,7
6850,8
6851,9
6852,9
6853,6
6854,8
6855,9
6856,7
6857,7
6858,7
6859,8
6860,6
6861,6
6862,9
6863,8
6864,7
6865,8
6866,5
6867,8
6868,3
6869,7
6870,9
6871,6
6872,8
6873,6
6874,10
6875,4
6876,7
6877,11
6878,10
6879,4
6880,5
6881,6
6882,12
6883,8
6884,6
6885,10
6886,8
6887,5
6888,11
6889,4
6890,9
6891,7
6892,8
6893,6
6894,5
6895,8
6896,9
6897,9
6898,6
6899,8
6900,5
6901,10
6902,6
6903,7
6904,7
6905,7
6906,5
6907,8
6908,5
6909,7
6910,7
6911,12
6912,5
6913,8
6914,4
6915,4
6916,7
6917,8
6918,7
6919,8
6920,5
6921,7
6922,5
6923,11
6924,6
6925,7
6926,6
6927,5
6928,9
6929,8
6930,10
6931,6
6932,7
6933,7
6934,13
6935,6
6936,10
6937,6
6938,8
6939,11
6940,11
6941,9
6942,7
6943,6
6944,8
6945,7
6946,9
6947,10
6948,11
6949,5
6950,6
6951,10
6952,10
6953,7
6954,4
6955,6
6956,9
6957,7
6958,7
6959,9
6960,8
6961,7
6962,12
6963,6
6964,5
6965,5
6966,6
6967,9
6968,8
6969,6
6970,7
6971,8
6972,9
6973,8
6974,4
6975,7
6976,8
6977,9
6978,8
6979,6
6980,13
6981,7
6982,10
6983,9
6984,5
6985,10
6986,4
6987,6
6988,6
6989,9
6990,5
6991,7
6992,5
6993,9
6994,11
6995,11
6996,9
6997,7
6998,10
6999,8
7000,6
7001,7
7002,8
7003,6
7004,10
7005,8
7006,9
7007,8
7008,9
7009,5
7010,9
7011,4
7012,10
7013,7
7014,8
7015,8
7016,4
7017,12
7018,9
7019,9
7020,8
7021,4
7022,8
7023,9
7024,9
7025,11
7026,5
7027,8
7028,6
7029,4
7030,6
7031,8
7032,7
7033,9
7034,5
7035,8
7036,8
7037,8
7038,5
7039,5
7040,6
7041,9
7042,10
7043,5
7044,9
7045,12
7046,2
7047,7
7048,9
7049,6
7050,5
7051,5
7052,6
7053,6
7054,11
7055,7
7056,7
7057,8
7058,8
7059,6
7060,7
7061,6
7062,10
7063,5
7064,6
